,Country,Latitude,Longitude,Temperature(F),Humidity(%),Cloudiness(%),Wind Speed(MpH),Date
Aasiaat,GL,68.71,-52.87,17.73,83,12,2.59,1522710866
Abalak,NE,15.46,6.28,68.4,47,12,3.6,1522711437
Abatskoye,RU,56.29,70.46,16.56,83,8,10.54,1522711353
Abrau-Dyurso,RU,44.7,37.6,46.4,87,56,6.71,1522708200
Abu Zabad,SD,12.35,29.25,65.66,28,0,6.17,1522711374
Acajutla,SV,13.59,-89.83,91.8,55,40,4.7,1522705800
Adrar,DZ,27.87,-0.29,69.8,43,40,18.34,1522710000
Adre,TD,13.47,22.2,67.28,20,0,11.21,1522710925
Agadez,NE,16.97,7.99,67.01,20,0,5.28,1522711380
Agnibilekrou,CI,7.13,-3.2,78.35,80,8,6.51,1522711435
Ahmadpur East,PK,29.14,71.26,74.07,69,36,13.78,1522711361
Airai,TL,-8.93,125.41,77.22,72,0,1.48,1522711270
Aklavik,CA,68.22,-135.01,7.32,60,40,12.75,1522710000
Aksu,KZ,52.04,76.93,28.4,92,90,6.71,1522708200
Albany,US,42.65,-73.75,42.44,28,75,9.17,1522709640
Alenquer,BR,-1.95,-54.74,77,94,40,2.71,1522706400
Algiers,US,29.94,-90.04,78.44,78,75,12.75,1522710900
Alice Springs,AU,-23.7,133.88,73.4,38,0,10.29,1522710000
Alindao,CF,5.04,21.21,72.68,96,12,7.96,1522711470
Aljezur,PT,37.31,-8.8,58.5,98,64,11.43,1522711479
Alta Floresta,BR,-9.87,-56.08,72,98,56,2.15,1522711486
Altamira,BR,-3.2,-52.21,82.4,78,40,3.36,1522706400
Alugan,PH,12.22,125.48,80.73,94,80,10.2,1522711521
Amambai,BR,-23.11,-55.23,73.94,74,44,4.94,1522711491
Amapa,HN,15.09,-87.97,82.4,65,20,16.11,1522710000
Ambilobe,MG,-13.19,49.05,70.11,92,8,3.71,1522711365
Anadyr,RU,64.73,177.51,24.8,85,75,8.95,1522708200
Ancud,CL,-41.87,-73.83,56.25,96,48,3.6,1522710967
Andreapol,RU,56.65,32.27,31.73,99,92,14.67,1522711338
Anori,BR,-3.74,-61.66,77.76,92,36,4.5,1522711337
Antalaha,MG,-14.9,50.28,74.21,100,92,6.62,1522711372
Aranos,NA,-24.14,19.11,69.93,33,88,10.2,1522711464
Araouane,ML,18.9,-3.53,71.24,23,0,3.15,1522711515
Ardakan,IR,32.31,54.02,64.4,23,12,0.69,1522706400
Arieseni,RO,46.48,22.77,30.74,90,0,1.92,1522711459
Aripuana,BR,-9.17,-60.63,74.21,98,24,2.59,1522710776
Arlit,NE,18.74,7.39,71.15,33,20,2.82,1522711472
Arraial do Cabo,BR,-22.97,-42.02,78.8,88,40,4.27,1522706400
Asasa,ET,7.1,39.2,46.71,100,56,2.93,1522711401
Asosa,ET,10.07,34.53,61.38,85,32,2.93,1522710867
Assiniboia,CA,49.63,-105.99,17.46,91,76,9.42,1522711476
Astoria,US,46.19,-123.83,48.2,57,75,14.99,1522709700
Asyut,EG,27.18,31.19,66.2,32,0,16.11,1522710000
Atambua,ID,-9.11,124.89,80.55,100,0,2.93,1522711343
Atar,MR,20.52,-13.05,65.21,31,0,6.4,1522711339
Atasu,KZ,48.68,71.64,16.61,84,12,8.3,1522711223
Atuona,PF,-9.8,-139.03,81.95,100,0,16.35,1522711138
Austin,US,30.27,-97.74,75.36,51,1,12.75,1522709760
Auxerre,FR,47.8,3.58,53.6,66,0,8.05,1522710000
Avarua,CK,-21.21,-159.78,82.4,78,75,5.82,1522710000
Avera,US,33.19,-82.53,79.52,29,1,6.93,1522709700
Aykhal,RU,65.95,111.51,-3.11,59,0,5.73,1522711153
Bahia Blanca,AR,-38.72,-62.27,68.9,64,0,5.95,1522711493
Bambous Virieux,MU,-20.34,57.76,80.6,83,75,4.7,1522706400
Banapur,IN,19.78,85.18,70.7,96,0,1.48,1522711496
Banda Aceh,ID,5.56,95.32,73.94,100,24,1.92,1522711161
Bandarbeyla,SO,9.49,50.81,80.1,100,80,7.4,1522711302
Bandundu,CD,-3.32,17.38,74.93,98,64,6.17,1522711413
Banff,CA,51.18,-115.57,17.01,51,68,2.26,1522711374
Baoding,CN,38.86,115.49,50.9,65,88,18.7,1522711363
Bargur,IN,12.54,78.35,67.5,95,12,2.48,1522711502
Barrow,AR,-38.31,-60.23,59.45,74,0,4.72,1522711143
Bartoszyce,PL,54.25,20.81,26.69,89,0,7.63,1522711408
Batagay,RU,67.65,134.64,28.13,64,64,4.38,1522711153
Batagay-Alyta,RU,67.8,130.41,11.7,81,76,4.16,1522711458
Batemans Bay,AU,-35.71,150.18,64.26,96,48,1.92,1522711463
Bathsheba,BB,13.22,-59.52,77,83,20,13.87,1522710000
Batticaloa,LK,7.71,81.69,75.11,100,12,3.71,1522711402
Bayir,TR,37.27,28.22,51.8,71,0,3.36,1522709400
Baykit,RU,61.68,96.39,3.42,70,12,5.73,1522711388
Beidao,CN,34.57,105.89,47.75,87,0,2.37,1522711469
Beira,ES,43.2,-8.36,51.69,81,20,8.05,1522710000
Belaya Gora,RU,68.54,146.19,25.92,90,0,11.1,1522711478
Belmonte,PT,40.36,-7.35,49.41,98,92,8.63,1522711387
Belyy Yar,RU,53.6,91.39,17.6,85,76,2.71,1522708200
Beringovskiy,RU,63.05,179.32,31.46,100,8,6.4,1522711427
Berlevag,NO,70.86,29.09,28.94,100,80,13.56,1522711403
Bethel,US,60.79,-161.76,30.2,68,1,19.46,1522709580
Bhum,IN,18.47,75.67,68.09,37,0,4.94,1522711331
Biak,ID,-0.91,122.88,80.96,94,8,2.15,1522710866
Bihariganj,IN,25.73,86.98,61.65,91,0,2.82,1522711511
Bilibino,RU,68.06,166.44,31.55,82,36,3.04,1522710799
Bilma,NE,18.69,12.92,61.88,37,36,2.82,1522711332
Biltine,TD,14.53,20.93,68.81,18,0,11.77,1522711379
Bima,ID,-8.45,118.73,79.02,95,0,3.15,1522711371
Binga,ZW,-17.62,27.34,67.95,100,12,1.36,1522711495
Biograd na Moru,HR,43.94,15.45,46.4,93,0,5.82,1522710000
Bireun,ID,5.2,96.7,80.6,100,68,3.94,1522711409
Birin,SY,35.01,36.67,44.6,83,80,4.72,1522711490
Biscarrosse,FR,44.41,-1.18,54.59,81,0,9.17,1522710000
Bismil,TR,37.85,40.66,54.5,47,0,3.36,1522709400
Black River,JM,18.03,-77.85,82.4,61,20,6.93,1522710000
Bluff,AU,-23.58,149.07,79.11,60,24,17.02,1522711140
Boddam,GB,57.47,-1.78,37.4,74,90,10.29,1522709400
Bonavista,CA,48.65,-53.11,30.74,87,76,13.67,1522711406
Bonnyville,CA,54.27,-110.74,26.6,45,75,3.49,1522710000
Borogontsy,RU,62.67,131.17,18.63,73,88,10.65,1522711406
Boueni,YT,-12.9,45.08,78.8,88,0,2.24,1522710000
Bougouni,ML,11.42,-7.49,74.43,68,36,2.26,1522711340
Brae,GB,60.4,-1.35,35.08,100,20,5.82,1522709400
Bredasdorp,ZA,-34.53,20.04,57.2,93,88,3.36,1522706400
Brewster,US,41.76,-70.08,36.95,86,75,2.59,1522708500
Brokopondo,SR,5.06,-54.98,77,94,75,4.7,1522710000
Broome,GB,52.47,1.45,48.9,100,92,10.29,1522709760
Buala,SB,-8.15,159.59,80.15,100,80,3.6,1522711434
Bubaque,GW,11.28,-15.83,75.2,78,0,6.93,1522710000
Bucerias,MX,20.76,-105.33,78.8,69,5,13.87,1522705920
Bulgan,MN,48.81,103.53,6.44,70,0,2.82,1522711422
Buraydah,SA,26.33,43.97,69.8,64,40,4.7,1522706400
Burnie,AU,-41.05,145.91,61.79,100,56,18.25,1522711359
Burns Lake,CA,54.23,-125.76,26.6,45,56,2.93,1522711411
Busayra,JO,30.74,35.61,53.51,85,0,2.15,1522711396
Bushehr,IR,28.97,50.84,71.6,60,0,6.93,1522705800
Busselton,AU,-33.64,115.35,71.69,91,0,12.77,1522710849
Butaritari,KI,3.07,172.79,83.16,99,64,13.56,1522710860
Butler,US,41.43,-84.87,41.61,52,1,4.7,1522710900
Cabo San Lucas,MX,22.89,-109.91,85.68,24,5,27.51,1522705620
Cacoal,BR,-11.43,-61.44,75.51,94,8,2.15,1522711387
Caledon,ZA,-34.23,19.43,61.79,98,36,4.72,1522711520
Camacha,PT,33.08,-16.33,60.8,82,40,10.29,1522710000
Camapua,BR,-19.53,-54.04,69.03,95,68,2.37,1522711398
Cap Malheureux,MU,-19.98,57.61,78.8,88,75,4.7,1522710000
Cape Town,ZA,-33.93,18.42,68,64,0,16.11,1522710000
Capelinha,BR,-17.69,-42.52,71.24,80,0,5.39,1522711249
Carahue,CL,-38.71,-73.16,55.4,100,0,4.16,1522711403
Caravelas,BR,-17.73,-39.27,81.18,100,0,15.79,1522711373
Carbonia,IT,39.17,8.53,53.71,100,0,4.7,1522709700
Carnarvon,ZA,-30.97,22.13,54.9,95,56,4.72,1522711257
Carutapera,BR,-1.2,-46.02,79.43,90,76,7.4,1522711443
Casambalangan,PH,18.38,122.13,77.85,100,32,13,1522711338
Castro,CL,-42.48,-73.76,56.25,97,88,2.59,1522710867
Castro-Urdiales,ES,43.38,-3.22,65.25,48,76,3.36,1522710000
Catalao,BR,-18.17,-47.95,67.5,93,24,2.26,1522711243
Cayenne,GF,4.94,-52.33,78.8,88,80,9.17,1522708200
Celestun,MX,20.87,-90.4,79.88,91,8,21.05,1522711402
Cerro Largo,BR,-28.15,-54.74,65.97,94,44,1.25,1522711228
Chalmette,US,29.94,-89.96,78.51,78,75,12.75,1522710900
Champerico,MX,16.38,-93.6,95,23,40,5.82,1522709400
Chandur Bazar,IN,21.24,77.75,66.51,59,24,1.81,1522711408
Chapais,CA,49.78,-74.86,23,85,90,14.99,1522710180
Chara,GR,39.42,22.43,44.6,81,20,4.7,1522709400
Charters Towers,AU,-20.07,146.27,70.88,95,100,12.21,1522711332
Cherskiy,RU,68.75,161.3,31.95,76,0,7.29,1522711218
Chicama,PE,-7.84,-79.15,69.8,83,75,11.41,1522706400
Chokurdakh,RU,70.62,147.9,17.24,75,0,12.77,1522711221
Choma,ZM,-16.81,26.98,55.35,84,0,4.05,1522711446
Christchurch,NZ,-43.53,172.64,78.8,34,0,9.17,1522710000
Churapcha,RU,62,132.43,20.66,83,92,9.31,1522711388
Chuy,UY,-33.69,-53.46,66.87,97,64,5.17,1522711208
Cidreira,BR,-30.17,-50.22,69.26,95,80,8.3,1522711370
Clyde River,CA,70.47,-68.59,12.2,85,90,20.8,1522710480
Cochrane,CL,-47.25,-72.57,48.29,89,12,2.04,1522711517
Cockburn Town,TC,21.46,-71.14,76.05,100,88,13.67,1522710844
Codrington,AU,-28.95,153.24,71.55,91,92,3.71,1522710907
Codroipo,IT,45.96,12.98,50,87,80,5.82,1522709400
Coffs Harbour,AU,-30.3,153.13,75.2,73,56,9.17,1522710000
Coihaique,CL,-45.58,-72.07,59,94,90,5.82,1522706400
Coihueco,CL,-36.63,-71.83,78.8,44,0,2.24,1522706400
Colares,PT,38.8,-9.45,58.12,87,75,9.17,1522710000
College,US,64.86,-147.8,26.02,38,1,5.82,1522709880
Colorado,BR,-22.84,-51.97,71.06,92,68,4.16,1522711216
Coloso,CO,9.49,-75.36,81.27,74,0,14.56,1522711502
Colquechaca,BO,-18.7,-66,43.56,70,20,2.15,1522711488
Comodoro Rivadavia,AR,-45.87,-67.48,78.8,36,0,20.8,1522706400
Conceicao do Araguaia,BR,-8.26,-49.26,74.39,95,0,2.71,1522711334
Conde,BR,-11.81,-37.61,77.67,90,24,5.84,1522711108
Constitucion,MX,23.99,-104.67,82.4,7,5,13.87,1522708920
Contamana,PE,-7.35,-75.01,75.2,95,24,2.04,1522711347
Coos Bay,US,43.37,-124.22,48.96,61,75,11.41,1522709760
Copiapo,CL,-27.37,-70.33,66.2,55,0,10.29,1522706400
Coquimbo,CL,-29.95,-71.34,64.4,63,0,8.05,1522706400
Corinto,BR,-18.36,-44.46,75.78,70,68,3.38,1522711498
Coro,VE,11.41,-69.67,84.2,66,20,9.31,1522706400
Coruripe,BR,-10.12,-36.18,80.55,98,88,7.96,1522711438
Cuite,BR,-6.48,-36.15,75.65,81,88,8.75,1522711361
Cururupu,BR,-1.82,-44.87,79.79,85,80,6.73,1522711518
Dahod,IN,22.84,74.26,64.26,59,0,3.83,1522711410
Dali,CN,25.6,100.24,43.2,100,8,1.81,1522711426
Danane,CI,7.26,-8.15,71.69,92,56,3.15,1522711473
Dargaville,NZ,-35.94,173.86,71.15,62,12,1.59,1522710922
Darovskoy,RU,58.77,47.96,31.86,90,56,13.89,1522711424
Daru,SL,7.99,-10.85,72.14,95,48,3.49,1522711322
Davila,PH,18.47,120.58,73.4,83,20,4.7,1522710000
Dehui,CN,44.53,125.71,33.8,24,20,8.95,1522706400
Det Udom,TH,14.9,105.08,71.6,88,20,3.36,1522706400
Diapaga,BF,12.07,1.79,73.35,50,0,2.48,1522711379
Dicabisagan,PH,17.08,122.42,73.35,100,100,7.18,1522711153
Diffa,NE,13.32,12.61,69.66,29,0,5.39,1522711487
Dikson,RU,73.51,80.55,4.01,81,44,15.79,1522711324
Dingle,PH,11,122.67,77.09,88,12,6.29,1522710861
Dire,ET,9.18,38.92,49.73,88,44,2.59,1522711318
Djibo,BF,14.1,-1.63,84.42,58,88,2.93,1522711360
Dolores,UY,-33.53,-58.22,70.25,70,36,11.32,1522711435
Dondaicha,IN,21.33,74.56,66.65,58,0,5.06,1522711437
Dongning,CN,44.06,131.12,41.58,41,64,8.75,1522711336
Dongsheng,CN,29.72,112.52,68,93,0,11.32,1522710860
Dromolaxia,CY,34.88,33.59,57.25,76,0,3.36,1522710000
Dudinka,RU,69.41,86.18,-11.21,74,36,5.61,1522711452
Dunedin,NZ,-45.87,170.5,61.61,47,0,13.22,1522710898
East London,ZA,-33.02,27.91,75.15,98,76,12.21,1522710928
East Millcreek,US,40.7,-111.81,42.85,80,90,14.99,1522709880
Eenhana,NA,-17.48,16.34,67.46,88,80,7.63,1522711418
Egvekinot,RU,66.32,-179.17,33.89,90,12,3.04,1522711109
Eirunepe,BR,-6.66,-69.87,78.66,91,64,1.81,1522711530
Ekibastuz,KZ,51.72,75.32,20.88,89,80,9.19,1522711511
El Porvenir,HN,15.75,-86.9,83.43,69,20,11.41,1522710000
El Rosario,MX,22.99,-105.86,80.6,42,5,9.17,1522708980
Emirdag,TR,39.02,31.15,30.06,92,0,2.37,1522711380
Entre Rios,BR,-11.94,-38.08,77.67,90,24,5.84,1522711399
Erdenet,MN,49.03,104.04,5.67,73,0,2.71,1522711340
Erzin,TR,36.95,36.2,56.25,77,40,9.17,1522709400
Esperance,TT,10.24,-61.45,82.4,65,20,13.87,1522706400
Etalle,BE,49.68,5.6,48.2,76,75,6.93,1522709400
Eureka,US,40.8,-124.16,54.9,47,1,17.22,1522709580
Evensk,RU,61.92,159.24,33.75,90,92,13.67,1522711348
Exu,BR,-7.52,-39.72,70.2,89,0,5.06,1522711503
Faanui,PF,-16.48,-151.75,82.31,100,48,12.66,1522711172
Fairbanks,US,64.84,-147.72,26.02,38,1,5.82,1522709880
Falavarjan,IR,32.56,51.51,37.54,28,0,4.7,1522708200
Faya,SA,18.39,42.45,57.2,76,20,5.82,1522706400
Felanitx,ES,39.47,3.15,55.4,82,0,1.12,1522710000
Fernie,CA,49.5,-115.06,28.58,41,75,5.82,1522710000
Fleetwood,US,40.45,-75.82,41.61,70,1,1.03,1522709700
Flin Flon,CA,54.77,-101.88,10.4,32,20,5.82,1522710000
Flinders,AU,-34.58,150.85,64.4,88,75,4.7,1522708200
Floro,NO,61.6,5.03,32,100,0,8.05,1522709400
Fort Nelson,CA,58.81,-122.69,24.8,58,75,9.17,1522710000
Fortuna,ES,38.18,-1.13,53.6,87,0,5.82,1522710000
Galiakot,IN,23.54,74.01,67.46,47,0,4.72,1522711313
Gamba,CN,28.28,88.52,1.13,73,20,1.92,1522711454
Gamboma,CG,-1.87,15.88,71.46,96,88,5.73,1522711489
Gari,RU,59.43,62.35,12.33,69,24,3.27,1522711471
Garowe,SO,8.41,48.48,72.68,86,64,5.61,1522711446
Gat,SN,14.69,-16.54,68,77,0,4.7,1522710000
Gazli,UZ,40.13,63.45,50.9,61,20,11.54,1522711312
Gbarnga,LR,7,-9.47,70.92,98,24,2.15,1522711338
Gedo,ET,9.01,37.45,54,96,68,2.71,1522711411
General Roca,AR,-39.03,-67.58,82.4,37,0,8.05,1522706400
Genhe,CN,50.78,121.52,17.33,40,12,12.44,1522711385
Georgetown,GY,6.8,-58.16,77,94,75,2.24,1522706400
Georgiyevka,RU,52.25,40.45,34.88,91,92,12.44,1522711388
Geraldton,CA,49.72,-86.95,12.2,30,20,5.82,1522710000
Gizo,IL,31.8,34.94,62.67,82,20,3.36,1522709400
Goderich,CA,43.74,-81.71,35.37,62,92,5.5,1522711099
Gornopravdinsk,RU,60.06,69.92,11.39,72,0,5.17,1522711315
Gorontalo,ID,0.54,123.06,78.21,88,8,2.15,1522711358
Gorshechnoye,RU,51.52,38.03,33.03,95,88,7.74,1522711428
Grand Forks,US,47.91,-97.06,21.29,62,75,18.34,1522709700
Grand Gaube,MU,-20.01,57.66,80.6,83,75,4.7,1522706400
Grand-Santi,GF,4.27,-54.38,75.96,93,88,2.15,1522711393
Gravdal,NO,59.79,5.78,30.2,92,56,5.82,1522709400
Grenville,CA,45.62,-74.6,38.35,51,40,4.7,1522710000
Grindavik,IS,63.84,-22.43,32,100,90,13.87,1522708200
Grootfontein,NA,-19.56,18.1,55.26,65,0,4.72,1522711398
Gua Musang,MY,4.88,101.97,71.91,97,92,1.14,1522711382
Guerrero Negro,MX,27.97,-114.04,64.58,65,0,11.32,1522711365
Guilin,CN,25.28,110.29,66.2,93,75,2.24,1522706400
Ha Giang,VN,22.83,104.99,66.11,100,92,1.7,1522710961
Haines Junction,CA,60.75,-137.51,13.23,68,68,6.4,1522711364
Half Moon Bay,US,37.46,-122.43,66.43,71,1,14.99,1522710000
Halifax,CA,44.65,-63.58,32,98,40,9.17,1522710000
Hambantota,LK,6.12,81.12,79.88,100,32,6.73,1522711360
Hamilton,BM,32.3,-64.78,69.8,73,75,4.7,1522706100
Hammerfest,NO,70.66,23.68,24.8,92,75,17.22,1522709400
Hare Bay,CA,48.86,-53.99,28.4,63,20,14.99,1522710000
Hargeysa,SO,9.56,44.06,60.12,97,88,3.04,1522711442
Harper,US,30.3,-99.24,80.02,47,75,8.05,1522709700
Harrisonville,US,38.65,-94.35,35.62,100,90,9.17,1522710480
Harstad,NO,68.8,16.53,20.16,73,48,4.7,1522709400
Hasaki,JP,35.73,140.83,54.93,82,75,6.93,1522708200
Hassleholm,SE,56.16,13.77,26.73,85,48,2.82,1522709400
Hauterive,FR,46.09,3.45,52.74,50,0,19.46,1522710000
Havelock,US,34.88,-76.9,73.35,60,1,16.11,1522709640
Havoysund,NO,71,24.66,24.8,92,75,17.22,1522709400
Havre-Saint-Pierre,CA,50.23,-63.6,23,67,40,10.29,1522710000
Hawick,GB,55.42,-2.78,33.31,93,90,20.8,1522709400
Hayden,US,47.77,-116.79,43.86,33,90,6.93,1522709760
Hearst,CA,49.69,-83.67,10.31,53,48,5.84,1522711320
Henties Bay,NA,-22.12,14.28,69.44,90,92,4.94,1522711350
Hermanus,ZA,-34.42,19.24,61.79,98,36,4.72,1522711160
Hervey Bay,AU,-25.3,152.85,77.63,90,92,15.79,1522711472
Heze,CN,35.25,115.45,67.91,83,0,8.3,1522711322
Hienghene,NC,-20.68,164.93,78.57,100,100,21.27,1522711466
High Level,CA,58.52,-117.13,23,49,75,12.75,1522710000
High Rock,BS,26.63,-78.28,77,73,75,13,1522710000
Highland Park,US,40.5,-74.42,40.77,65,1,3.94,1522710900
Hilo,US,19.71,-155.08,82.4,58,75,9.17,1522709580
Hinton,CA,53.4,-117.57,23.45,46,44,3.15,1522711477
Hithadhoo,MV,-0.6,73.08,84.15,100,80,7.4,1522711208
Hobart,AU,-42.88,147.33,62.6,55,75,12.75,1522710000
Hofn,IS,64.25,-15.21,26.6,100,0,17.25,1522711317
Hoquiam,US,46.98,-123.89,51.03,53,75,18.34,1522709580
Hornepayne,CA,49.22,-84.78,16.83,59,64,4.83,1522711456
Houma,CN,35.63,111.36,58.01,56,0,2.15,1522711413
Hualmay,PE,-11.1,-77.61,69.35,77,48,4.27,1522711230
Huarmey,PE,-10.07,-78.15,70.79,63,56,3.38,1522711301
Husavik,CA,50.56,-96.99,7.34,83,0,9.75,1522711384
Hyeres,FR,43.12,6.14,54.45,76,0,13.87,1522710000
Iguala,MX,18.34,-99.54,89.6,19,75,2.24,1522709220
Ilulissat,GL,69.22,-51.1,15.8,78,0,5.82,1522709400
Imamoglu,TR,37.26,35.66,54.57,76,0,3.36,1522709400
Imeni Poliny Osipenko,RU,52.42,136.49,28.13,61,68,7.74,1522711332
Imperia,IT,43.88,8.02,50,87,40,10.29,1522709700
Inhuma,BR,-6.67,-41.71,73.13,94,20,3.6,1522711398
Innisfail,CA,52.02,-113.95,21.2,41,40,4.7,1522710000
Invermere,CA,50.51,-116.03,21.65,44,76,2.04,1522711525
Ipixuna,BR,-1.76,-48.8,77,94,75,3.36,1522710000
Iqaluit,CA,63.75,-68.52,28.4,86,90,29.97,1522710000
Iracoubo,GF,5.48,-53.21,76.95,91,80,4.27,1522711381
Isangel,VU,-19.55,169.27,80.33,100,56,15.68,1522711272
Ishigaki,JP,24.34,124.16,71.6,68,20,6.93,1522706400
Ishige,JP,36.12,139.97,56.52,82,75,6.93,1522708200
Ishinomaki,JP,38.42,141.3,48.2,100,75,3.36,1522706400
Iskateley,RU,67.68,53.15,10.53,67,44,14.79,1522711485
Istok,PL,52.85,23.44,32.36,93,0,8.08,1522711378
Itarema,BR,-2.92,-39.92,77.18,94,36,6.4,1522711337
Itaueira,BR,-7.6,-43.03,72.9,93,0,4.83,1522711457
Itoman,JP,26.12,127.67,69.8,68,40,9.17,1522709760
Iwanai,JP,42.97,140.51,46.85,93,92,15.79,1522711389
Jacareacanga,BR,-6.22,-57.76,76.86,92,20,2.82,1522711302
Jackson,US,35.61,-88.82,58.26,72,90,6.96,1522709760
Jacmel,HT,18.24,-72.54,80.6,65,40,10.29,1522710000
Jahanabad,IR,33.86,48.17,44.6,85,0,2.15,1522705800
Jala,PK,33.36,71.93,64.08,99,76,3.38,1522711372
Jalu,LY,29.03,21.55,57.29,60,0,7.4,1522711507
Jamestown,AU,-33.21,138.6,59.76,69,8,5.61,1522711183
Japura,ID,-0.42,102.29,72.27,98,44,2.71,1522711333
Jasper,US,33.83,-87.28,76.23,42,48,5.82,1522709760
Jatai,IN,28.97,76.18,74.21,59,48,8.86,1522711410
Jegunovce,MK,42.07,21.12,45.64,80,0,5.82,1522710000
Jerome,US,34.75,-112.11,67.01,12,1,18.34,1522709820
Jiangyou,CN,31.78,104.73,56.07,80,0,3.6,1522711485
Jiayuguan,CN,39.77,98.29,23.22,63,20,1.7,1522711337
Jining,CN,35.41,116.58,68.76,88,0,6.73,1522710965
Jizan,SA,16.89,42.56,80.6,57,0,5.82,1522706400
Kahului,US,20.89,-156.47,77.83,94,92,17.22,1522708560
Kainantu,PG,-6.29,145.87,70.25,86,64,1.14,1522711393
Kaitangata,NZ,-46.28,169.85,58.77,63,0,23.96,1522711169
Kajaani,FI,64.22,27.73,26.6,92,90,6.93,1522709400
Kalamare,BW,-22.93,26.57,60.89,89,36,8.63,1522711383
Kalmunai,LK,7.42,81.82,70.38,100,12,2.93,1522711378
Kamaishi,JP,39.28,141.86,46.4,93,75,3.36,1522708800
Kamenka,RU,53.19,44.05,34.88,91,80,17.25,1522711439
Kandla,IN,23.02,70.21,73.98,100,0,9.98,1522711351
Kangaatsiaq,GL,68.31,-53.46,21.87,98,48,5.84,1522711307
Kangundo,KE,-1.3,37.35,62.6,93,75,6.93,1522710000
Kapaa,US,22.08,-159.32,72.43,94,90,4.7,1522709760
Kapuskasing,CA,49.42,-82.43,15.8,43,20,12.75,1522710000
Karasjok,NO,69.47,25.52,23.31,88,80,8.41,1522711323
Kargopol,RU,61.51,38.95,38.7,97,92,20.27,1522711447
Karratha,AU,-20.74,116.85,85.55,50,0,11.21,1522711421
Kasongo-Lunda,CD,-6.48,16.82,69.08,97,56,2.26,1522711328
Kasungu,MW,-13.04,33.48,65.39,94,36,6.96,1522711451
Katangli,RU,51.71,143.23,34.02,85,0,23.4,1522711376
Katobu,ID,-4.94,122.53,84.38,88,36,6.4,1522711466
Katsuura,JP,33.93,134.5,57.2,76,75,9.17,1522706400
Kavaratti,IN,10.57,72.64,84.29,100,0,6.51,1522711415
Kavieng,PG,-2.57,150.8,83.25,100,56,8.75,1522711143
Kawalu,ID,-7.38,108.21,67.77,93,20,1.14,1522711191
Kayes,ML,14.44,-11.44,81.23,36,0,6.4,1522711440
Kem,UG,2.68,33.77,64.13,97,56,3.27,1522711531
Kendari,ID,-3.99,122.52,78.3,94,32,3.6,1522711241
Ketchikan,US,55.34,-131.65,36.82,100,90,9.19,1522710480
Khandyga,RU,62.65,135.58,29.48,55,44,6.85,1522711367
Khani,GE,41.96,42.96,48.2,93,90,18.34,1522708200
Khartoum,SD,15.59,32.54,82.4,9,0,6.93,1522710000
Khatanga,RU,71.98,102.47,-8.37,81,56,7.52,1522711137
Khatra,IN,22.98,86.85,62.96,89,0,2.71,1522711477
Khawhai,IN,23.52,93.19,58.91,94,0,1.14,1522711331
Kholm,RU,57.15,31.18,32.09,91,92,17.25,1522711465
Khor,RU,47.88,134.96,33.03,74,0,13.89,1522711489
Khorlovo,RU,55.33,38.81,33.8,96,90,13.42,1522708200
Khorramshahr,IR,30.43,48.18,66.2,45,0,4.7,1522706400
Kiama,AU,-34.67,150.86,64.4,88,75,4.7,1522708200
Kieta,PG,-6.22,155.63,82.17,100,36,6.73,1522711487
Kikwit,CD,-5.04,18.82,73.08,100,92,3.38,1522711533
Kimbe,PG,-5.56,150.15,78.93,100,80,6.73,1522711398
Kinsale,IE,51.71,-8.52,46.4,100,75,9.17,1522708200
Kirakira,SB,-10.46,161.92,78.57,100,92,9.42,1522711174
Kirkwood,ZA,-33.4,25.44,71.6,83,75,13.87,1522710000
Kizhinga,RU,51.85,109.91,12.83,50,0,4.27,1522711329
Klaksvik,FO,62.23,-6.59,30.2,74,80,12.75,1522709400
Klamath Falls,US,42.22,-121.78,46.4,28,1,5.82,1522709580
Kloulklubed,PW,7.04,134.26,82.4,83,90,5.82,1522709640
Kodiak,US,39.95,-94.76,30.2,100,90,12.75,1522709580
Kodino,RU,63.72,39.64,41.58,96,92,14.23,1522711319
Kodinsk,RU,58.6,99.18,16.83,84,24,3.94,1522711152
Kolokani,ML,13.58,-8.03,80.82,43,92,4.94,1522710907
Komsomolskiy,RU,67.55,63.78,-14.04,43,0,3.15,1522711170
Kon Tum,VN,14.36,108,64.53,78,8,2.93,1522711452
Konibodom,TJ,40.3,70.43,53.6,81,90,8.95,1522708200
Koraput,IN,18.81,82.72,54.95,81,0,1.92,1522711462
Korgen,NO,66.08,13.83,10.29,84,0,0.69,1522709400
Koroni,GR,36.8,21.96,48.2,81,0,6.93,1522709400
Koumac,NC,-20.56,164.28,74.84,100,100,11.77,1522711349
Koutsouras,GR,35.03,25.95,59.85,100,0,6.29,1522711502
Kovernino,RU,57.13,43.81,35.69,93,92,15.23,1522711325
Krasnyy Chikoy,RU,50.36,108.75,9.45,57,0,2.37,1522711494
Kruisfontein,ZA,-34,24.73,69.53,94,80,9.19,1522711273
Kudahuvadhoo,MV,2.67,72.89,82.94,100,32,2.48,1522711147
Kununurra,AU,-15.77,128.74,86,66,0,11.54,1522710000
Kutum,SD,14.2,24.66,54.81,25,0,6.29,1522711315
Kvarkeno,RU,52.08,59.73,12.65,60,0,4.94,1522711397
Kysyl-Syr,RU,63.9,122.77,4.91,51,0,9.19,1522711433
La Orilla,MX,18,-102.23,80.24,71,0,7.4,1522711399
La Plata,AR,-34.92,-57.95,70.72,73,40,9.17,1522706400
La Rioja,AR,-29.41,-66.86,68.45,73,56,3.38,1522711472
La Ronge,CA,55.1,-105.3,14,43,20,5.82,1522710000
Labuhan,ID,-2.54,115.51,74.48,93,32,2.71,1522711348
Lac du Bonnet,CA,50.25,-96.06,13.68,51,0,6.17,1522711449
Lagoa,PT,37.14,-8.45,59,93,40,5.82,1522710000
Laguna,MX,27.52,-110.01,87.8,14,5,14.99,1522709400
Lakatoro,VU,-16.11,167.42,79.16,100,92,4.16,1522711192
Lakes Entrance,AU,-37.88,147.99,63.86,85,20,6.4,1522711351
Lakhisarai,IN,25.18,86.09,66.06,69,0,4.94,1522711436
Lamas,PE,-6.42,-76.52,75.2,94,40,1.92,1522710000
Lao Cai,VN,22.48,103.95,63.63,95,92,1.25,1522711333
Lasa,CY,34.92,32.53,57.42,82,20,4.7,1522710000
Lata,IN,30.78,78.62,48.83,73,68,2.37,1522711176
Launceston,AU,-41.43,147.14,59,72,0,10.29,1522710000
Lavras,BR,-21.24,-45,68.45,89,56,4.94,1522711310
Lavrentiya,RU,65.58,-170.99,27.5,100,0,1.92,1522711419
Lazaro Cardenas,MX,28.39,-105.62,87.8,8,40,20.8,1522709280
Lebu,ET,8.96,38.73,49.73,88,44,2.59,1522711117
Leh,IN,34.16,77.58,5.4,90,76,0.92,1522711349
Leningradskiy,RU,69.38,178.42,27,91,12,5.84,1522711313
Lere,TD,9.66,14.23,74.43,52,0,3.71,1522711406
Lerum,SE,57.77,12.27,24.8,68,0,2.15,1522709400
Lerwick,GB,60.15,-1.15,34.72,100,68,5.82,1522709400
Lewistown,US,40.39,-90.15,37.94,86,90,10.29,1522710900
Lichuan,CN,30.3,108.94,50.99,80,0,3.15,1522711433
Lima,PE,-12.06,-77.04,62.69,79,36,1.92,1522711135
Linfen,CN,36.09,111.52,57.51,56,0,2.15,1522711421
Linhares,BR,-19.38,-40.06,78.08,71,8,10.09,1522711335
Linjiang,CN,41.81,126.91,32.58,89,92,5.28,1522711313
Lira,UG,2.25,32.9,65.25,98,56,2.71,1522711525
Lithakia,GR,37.72,20.83,48.2,87,0,8.08,1522709400
Liwonde,MW,-15.05,35.2,66.83,100,92,3.15,1522711425
Llanes,ES,43.42,-4.75,42.98,77,0,7.52,1522711322
Locri,IT,38.24,16.26,52.27,76,0,3.36,1522709700
Lompoc,US,34.64,-120.46,60.49,67,75,12.75,1522710660
Longyearbyen,NO,78.22,15.63,10.4,60,20,17.22,1522709400
Lorengau,PG,-2.02,147.27,80.96,100,64,6.29,1522711329
Los Llanos de Aridane,ES,28.66,-17.92,64.4,72,20,9.17,1522710000
Luau,CD,-10.7,22.23,65.07,95,64,2.26,1522711325
Lucapa,AO,-8.42,20.74,66.33,99,68,4.61,1522711472
Luderitz,NA,-26.65,15.16,64.4,77,88,5.82,1522706400
Lufilufi,WS,-13.87,-171.6,87.8,66,40,10.29,1522706400
Luganville,VU,-15.51,167.18,78.93,100,92,6.85,1522711495
Lunenburg,US,42.59,-71.72,40.24,45,1,8.05,1522709760
Luwuk,ID,-0.95,122.79,80.96,94,8,2.15,1522711371
Maceio,BR,-9.67,-35.74,77,88,20,4.7,1522710000
Mackay,CA,53.65,-115.58,29.3,30,20,4.7,1522710000
Madang,PG,-5.21,145.81,77.58,100,64,2.93,1522711353
Madimba,CM,4.42,9.93,77,100,75,2.93,1522710000
Mago,RU,53.27,140.15,26.96,73,76,13.44,1522711446
Mahalapye,BW,-23.11,26.83,67.23,81,92,7.52,1522711376
Mahebourg,MU,-20.41,57.7,80.6,83,75,4.7,1522706400
Mahibadhoo,MV,3.78,72.97,84.51,100,76,5.61,1522711395
Majene,ID,-3.54,118.97,80.91,100,12,6.06,1522711376
Makakilo City,US,21.35,-158.09,77.02,78,90,14.99,1522710660
Malanje,AO,-9.54,16.35,66.51,99,56,3.38,1522711493
Male,UA,50.74,33.7,30.96,88,20,10.87,1522711353
Malgrat de Mar,ES,41.65,2.74,52.75,100,75,2.24,1522710000
Malm,NO,64.07,11.22,28.4,100,75,4.7,1522709400
Manadhoo,MV,5.77,73.38,84.6,100,64,4.72,1522711488
Mandalgovi,MN,45.76,106.27,21.33,68,80,7.74,1522711463
Mandera,ET,3.94,41.86,72.72,93,56,3.15,1522711304
Mandiana,GN,10.62,-8.7,74.93,69,20,2.59,1522711405
Mandla,IN,22.6,80.37,61.7,57,0,4.16,1522711461
Mangai,CD,-4.07,19.59,70.92,100,92,2.59,1522710910
Mangan,IN,27.5,88.54,25.61,76,8,2.15,1522711517
Manggar,ID,-2.88,108.27,78.08,100,8,2.93,1522711207
Maniitsoq,GL,65.42,-52.9,21.96,61,0,5.39,1522711297
Manjacaze,MZ,-24.71,33.88,70.47,93,0,5.28,1522711500
Manokwari,ID,-0.87,134.08,83.07,98,24,5.84,1522710974
Manta,RO,45.1,24.1,30.96,78,0,2.37,1522711452
Manzhouli,CN,49.6,117.43,19.76,29,0,18.37,1522711150
Mapastepec,MX,15.44,-92.9,74.48,84,68,2.04,1522711432
Maputo,MZ,-25.97,32.57,73.4,83,20,1.12,1522706400
Mar del Plata,AR,-46.43,-67.52,71.24,48,48,24.63,1522711166
Marawi,PH,8,124.29,74.25,84,12,2.93,1522711238
Margate,AU,-43.03,147.26,62.6,55,75,12.75,1522710000
Mariental,DE,52.28,10.99,44.01,86,92,9.75,1522711324
Marrakesh,MA,31.63,-7.99,60.8,55,75,3.36,1522710000
Marsaxlokk,MT,35.84,14.54,53.6,76,0,4.7,1522709100
Marsh Harbour,BS,26.54,-77.06,72.95,100,76,14,1522711442
Mashivka,UA,49.44,34.87,34.16,97,0,9.53,1522711349
Masvingo,ZW,-20.08,30.83,59.13,95,0,6.73,1522711433
Matadi,CD,-5.83,13.46,75.96,98,92,3.38,1522711363
Matamoros,US,25.87,-97.51,82.04,65,20,29.97,1522709700
Mataura,NZ,-46.19,168.86,59,66,36,20.83,1522710988
Matveyevka,UA,45.75,33.81,40.68,82,8,7.96,1522711319
Mazagao,BR,-0.12,-51.29,77,100,40,12.75,1522708920
Mazarron,ES,37.6,-1.31,45,89,32,2.59,1522711321
Mecca,SA,21.43,39.83,84.2,62,0,2.37,1522706400
Mehamn,NO,71.03,27.85,25.47,89,56,11.21,1522711358
Menongue,AO,-14.66,17.68,62.06,98,76,2.04,1522711373
Menzelinsk,RU,55.73,53.11,33.8,64,0,13.42,1522708200
Mersing,MY,2.43,103.84,79.34,88,8,7.18,1522710980
Messina,IT,38.19,15.55,52.43,76,0,3.36,1522709700
Meulaboh,ID,4.14,96.13,78.21,100,0,4.61,1522711398
Micheweni,TZ,-4.97,39.83,75.33,100,88,4.38,1522711185
Micomeseng,GQ,2.15,10.62,71.78,97,88,2.04,1522711528
Mikkeli,FI,61.69,27.27,30.2,92,90,8.05,1522709400
Milkovo,BG,41.53,24.68,45.63,79,0,9.17,1522710000
Minbu,MM,20.18,94.88,69.03,97,48,2.37,1522711323
Mirnyy,RU,56.57,36.46,34.79,95,92,13.56,1522711371
Mishelevka,RU,52.86,103.17,7.25,67,0,4.16,1522711378
Miyang,CN,24.4,103.44,54.72,79,24,3.6,1522711521
Miyazu,JP,35.58,135.2,64.04,86,0,3.71,1522711352
Mizan Teferi,ET,6.99,35.58,58.05,91,0,2.71,1522711311
Mizdah,LY,31.45,12.98,54.05,56,0,6.85,1522711436
Mmabatho,ZA,-25.85,25.61,60.8,87,20,4.7,1522706400
Mnogovershinnyy,RU,53.94,139.92,26.24,77,80,9.64,1522711266
Mogadishu,SO,2.04,45.34,82.76,100,64,6.96,1522711237
Moose Factory,CA,51.26,-80.61,6.8,60,40,11.41,1522710540
Morgan City,US,29.7,-91.21,77.81,65,1,12.75,1522709760
Mosetse,BW,-20.64,26.64,71.69,40,0,13.78,1522711336
Mount Gambier,AU,-37.83,140.78,63.14,77,12,3.6,1522710940
Mount Isa,AU,-20.73,139.49,84.2,30,0,13.87,1522710000
Mount Juliet,US,36.2,-86.52,55.78,68,20,4.7,1522709760
Moussoro,TD,13.64,16.49,72.81,18,0,10.42,1522711366
Mozarlandia,BR,-14.74,-50.57,76.28,82,32,2.59,1522711516
Mpanda,TZ,-6.34,31.07,64.58,94,80,2.93,1522711527
Muisne,EC,0.61,-80.02,73.76,92,100,4.83,1522711400
Muravlenko,RU,63.79,74.5,-4.59,81,32,12.44,1522710862
Muros,ES,42.77,-9.06,50,93,75,16.11,1522710000
Muscat,OM,23.6,58.55,82.4,28,0,2.24,1522705800
Mvangue,CM,2.97,11.5,68.76,100,48,2.15,1522711428
Mwene-Ditu,CD,-7.01,23.45,66.51,99,92,6.62,1522711507
Mwinilunga,ZM,-11.73,24.43,62.15,99,24,2.26,1522711329
Myitkyina,MM,25.38,97.4,63.14,90,20,3.49,1522711343
Najran,SA,17.54,44.22,73.4,31,40,4.7,1522706400
Namatanai,PG,-3.66,152.44,82.62,100,56,3.04,1522711317
Namibe,AO,-15.19,12.15,78.8,100,88,3.04,1522711251
Nanortalik,GL,60.14,-45.24,33.57,100,48,27.09,1522711268
Naqadeh,IR,36.96,45.39,40.95,88,0,4.38,1522711514
Narsaq,GL,60.91,-46.05,42.8,30,56,10.29,1522709400
Naze,NG,5.43,7.07,78.8,88,44,2.24,1522706400
Necochea,AR,-38.55,-58.74,59.81,78,0,9.19,1522711254
Nemuro,JP,43.32,145.57,39.15,87,32,22.17,1522711311
Nerchinskiy Zavod,RU,51.31,119.61,18.72,39,68,7.74,1522711374
New Norfolk,AU,-42.78,147.06,62.6,55,75,12.75,1522710000
Nezhinka,RU,51.77,55.37,26.6,73,0,8.95,1522708200
Nikolskoye,RU,59.7,30.79,35.6,93,90,6.71,1522708200
Nioro,GM,13.79,-15.05,77.63,32,0,11.1,1522711393
Nishihara,JP,35.74,139.53,58.33,72,40,4.7,1522709760
Nizhniy Odes,RU,63.64,54.86,24.98,75,80,8.08,1522711519
Nizwa,OM,22.93,57.53,61.79,49,0,2.71,1522711236
Nkhata Bay,MW,-11.61,34.3,67.5,100,80,3.38,1522711422
Nome,US,30.04,-94.42,76.55,69,75,12.75,1522709700
Norman Wells,CA,65.28,-126.83,12.2,47,75,16.11,1522710000
North Bend,US,43.41,-124.22,48.97,61,75,11.41,1522709760
Northam,GB,51.04,-4.21,48.2,100,40,12.75,1522705800
Novoagansk,RU,61.94,76.66,-2.3,73,8,5.61,1522711410
Novosergiyevka,RU,52.08,53.65,28.31,87,24,11.43,1522711419
Novovasylivka,UA,48.2,37.04,41.81,89,88,13.22,1522711529
Nuevo Emperador,PA,9,-79.73,86,48,20,12.75,1522710000
Nuevo Progreso,US,26.05,-97.95,83.07,58,1,25.28,1522709700
Nurota,UZ,40.56,65.69,53.6,71,20,11.41,1522706400
Nuuk,GL,64.17,-51.74,35.6,47,20,13.87,1522709400
Nyeri,KE,-0.42,36.95,59.45,100,64,2.37,1522711522
Nyurba,RU,63.29,118.35,5.18,51,0,4.16,1522711482
Oda,JP,35.19,132.5,53.6,81,20,11.41,1522706400
Odda,NO,60.07,6.55,-1.4,61,48,1.7,1522711404
Okahandja,NA,-21.98,16.91,62.6,72,64,4.7,1522706400
Oktyabrskoye,RU,56.73,85.44,23.13,88,88,5.5,1522711524
Olga,US,34.11,-118.17,65.82,52,75,11.41,1522709880
Olinda,EC,-2.03,-79.75,84.2,66,90,5.82,1522710000
Ondjiva,AO,-17.07,15.73,64.53,99,92,4.72,1522711409
Onega,RU,63.91,38.09,38.61,87,92,14.23,1522711413
Opichen,MX,20.55,-89.85,91.4,43,40,13.87,1522709280
Opuwo,NA,-18.06,13.84,62.78,97,68,3.15,1522711461
Oranjestad,AW,12.52,-70.03,82.4,78,40,18.34,1522706400
Oriximina,BR,-1.77,-55.87,77.54,96,76,2.26,1522710946
Ossora,RU,59.24,163.07,32.63,99,92,17.02,1522711486
Ostroh,UA,50.33,26.52,35.24,94,12,9.98,1522711366
Ostrov,RU,57.34,28.36,32,89,80,8.95,1522706400
Ostrovnoy,RU,68.05,39.51,24.89,94,92,20.6,1522711184
Otjimbingwe,NA,-22.35,16.13,62.24,97,92,3.38,1522711486
Ottawa,CA,45.42,-75.69,38.3,51,40,8.05,1522710000
Ouegoa,NC,-20.34,164.44,74.84,100,100,11.77,1522711500
Owando,CG,-0.49,15.91,72.23,98,36,2.15,1522711476
Paamiut,GL,61.99,-49.67,33.98,84,64,10.65,1522711144
Pacific Grove,US,36.62,-121.92,63.55,63,1,9.17,1522709700
Padang,ID,-0.92,100.36,77.9,100,56,4.16,1522710981
Paita,PE,-5.09,-81.11,75.74,65,20,7.63,1522711435
Pak Chong,TH,14.71,101.42,72.18,92,44,3.15,1522711128
Palana,RU,59.08,159.95,36.45,81,32,2.71,1522711379
Palmer,AU,-34.85,139.16,64.4,63,75,9.17,1522710000
Palu,ID,-0.9,119.87,71.06,78,20,1.92,1522711326
Pandan,PH,11.72,122.09,78.71,100,76,9.98,1522711213
Pangnirtung,CA,66.15,-65.72,35.6,55,75,20.8,1522706400
Panzhihua,CN,26.59,101.72,51.08,56,8,2.26,1522711532
Parana,BR,-7.52,-72.89,78.8,88,75,3.36,1522710000
Pascagoula,US,30.37,-88.56,75.6,69,1,10.29,1522709760
Pasighat,IN,28.06,95.33,61.11,63,12,2.04,1522711483
Pasni,PK,25.26,63.48,77.13,100,36,6.4,1522711480
Patacamaya,BO,-17.23,-67.92,43.47,45,12,6.17,1522711434
Pathein,MM,16.78,94.73,76.01,93,12,2.37,1522711432
Pauini,BR,-7.71,-67,80.33,87,64,2.26,1522711433
Pedernales,EC,0.07,-80.05,74.03,88,24,6.73,1522711361
Pemba,MZ,-12.97,40.52,75.2,94,75,8.05,1522706400
Petatlan,MX,17.52,-101.27,86,66,5,11.41,1522709040
Peterhead,AU,-34.83,138.5,64.4,63,75,9.17,1522710000
Petropavlovsk-Kamchatskiy,RU,53.05,158.65,19.4,57,32,2.24,1522708200
Pevek,RU,69.7,170.27,32.18,84,8,13.44,1522711187
Phan Thiet,VN,10.93,108.1,75.78,99,0,10.2,1522711310
Phangnga,TH,8.45,98.53,75.85,88,20,2.24,1522708200
Pierre,US,44.37,-100.35,32,60,90,24.16,1522709580
Pilar,AR,-34.46,-58.91,70.41,73,0,11.41,1522706400
Pimentel,BR,-3.7,-45.5,72.5,100,92,3.71,1522711487
Pingliang,CN,35.54,106.68,48.06,51,0,11.65,1522711444
Pisco,PE,-13.71,-76.2,78.8,57,0,12.75,1522706400
Plettenberg Bay,ZA,-34.05,23.37,66.33,93,80,4.94,1522711172
Pojuca,BR,-12.42,-38.33,80.6,74,0,10.29,1522710000
Ponta Delgada,PT,37.73,-25.67,59,67,40,20.8,1522710000
Ponta do Sol,BR,-20.63,-46,66.38,93,56,2.93,1522710862
Pontes e Lacerda,BR,-15.23,-59.33,69.44,97,92,3.94,1522711374
Port Alberni,CA,49.24,-124.81,49.06,39,75,5.82,1522710000
Port Alfred,ZA,-33.59,26.89,71.06,90,36,8.75,1522711187
Port Augusta,AU,-32.49,137.76,62.6,72,0,14.99,1522710000
Port Elizabeth,US,39.31,-74.98,43.2,65,90,5.28,1522709700
Port Hardy,CA,50.7,-127.42,41,75,90,9.17,1522710000
Port Lincoln,AU,-34.72,135.86,64.62,90,0,4.05,1522711402
Port Macquarie,AU,-31.43,152.91,75.2,78,75,9.17,1522710000
Port-Cartier,CA,50.03,-66.88,23,20,20,6.93,1522710000
Port-Gentil,GA,-0.72,8.78,78.8,94,20,4.7,1522706400
Portland,US,45.52,-122.67,51.35,53,75,3.38,1522709760
Porto Walter,BR,-8.27,-72.74,77.76,90,24,2.15,1522711371
Poso,ID,-1.4,120.75,79.38,100,56,2.82,1522711515
Poum,MK,41.28,20.71,30.38,92,0,2.15,1522711306
Praia,BR,-20.25,-43.81,75.2,69,20,2.24,1522706400
Praia da Vitoria,PT,38.73,-27.07,59,67,20,32.12,1522710000
Prattville,US,32.46,-86.46,77.95,47,1,5.82,1522709760
Preobrazheniye,RU,42.9,133.91,40.46,44,76,6.4,1522710876
Progreso,UY,-34.68,-56.22,68,77,75,12.75,1522710000
Proletariy,RU,58.43,31.7,33.48,96,88,12.77,1522711427
Provideniya,RU,64.42,-173.23,24.8,100,90,4.47,1522708200
Puerto Ayacucho,CO,5.66,-67.63,96.8,39,40,4.7,1522706400
Puerto Ayora,EC,-0.74,-90.35,78.8,78,75,10.29,1522706400
Puerto Baquerizo Moreno,EC,-0.9,-89.6,76.95,100,0,5.5,1522710974
Puerto El Triunfo,SV,13.27,-88.55,89.02,66,40,10.29,1522709400
Puerto Escondido,MX,15.86,-97.07,82.4,74,40,6.93,1522705500
Puerto Madryn,AR,-42.77,-65.04,74.16,51,0,17.25,1522711505
Punta Alta,AR,-27.46,-55.82,75.2,73,40,5.82,1522706400
Punta Arenas,CL,-53.16,-70.91,48.2,70,75,11.41,1522706400
Punta Cardon,VE,11.61,-70.22,84.2,66,20,19.04,1522706400
Puri,ID,-7.54,112.45,72.86,95,20,4.38,1522711418
Pyay,MM,18.82,95.22,70.16,96,0,3.04,1522711520
Qaanaaq,GL,77.48,-69.36,-3.2,74,0,7.74,1522711180
Qaqortoq,GL,60.72,-46.03,42.8,30,20,10.29,1522709400
Qeshm,IR,26.96,56.27,73.51,83,0,5.84,1522706400
Qinzhou,CN,21.96,108.62,69.03,94,68,7.74,1522711454
Quang Ngai,VN,15.12,108.8,64.53,84,0,2.15,1522711478
Quatre Cocos,MU,-20.21,57.76,78.8,88,75,4.7,1522710000
Quelimane,MZ,-17.88,36.89,77,88,75,2.82,1522706400
Quilmana,PE,-12.95,-76.38,64.8,87,24,2.82,1522711386
Raha,NG,10.89,8.13,70.38,53,0,3.6,1522711319
Rassvet,MD,47.2,28.43,41.05,69,0,5.82,1522710000
Raudeberg,NO,61.99,5.14,32,100,0,8.05,1522709400
Rawson,AR,-43.3,-65.11,68.18,33,0,7.07,1522711181
Raymond,US,43.04,-71.18,39.76,41,20,6.93,1522709760
Razole,IN,16.48,81.84,82.71,99,0,12.77,1522711438
Reno,US,39.53,-119.81,59.54,16,75,20.8,1522709700
Ribeira Grande,PT,38.52,-28.7,60.89,100,48,27.31,1522710896
Richards Bay,ZA,-28.77,32.06,74.93,80,36,11.21,1522711162
Rikitea,PF,-23.12,-134.97,78.35,100,32,4.94,1522710992
Rio Grande,BR,-32.03,-52.1,71.6,88,0,8.41,1522705500
Riyadh,SA,24.63,46.72,75.2,22,92,4.7,1522706400
Roald,NO,62.58,6.12,27.37,100,0,10.29,1522709400
Rocha,UY,-34.48,-54.34,64.76,95,68,8.97,1522711328
Roebourne,AU,-20.77,117.15,85.55,50,0,11.21,1522711447
Rongcheng,CN,37.16,122.42,48.15,93,92,13.56,1522711364
Rosarno,IT,38.49,15.98,50.32,76,0,3.36,1522709700
Ruteng,ID,-8.61,120.46,76.19,88,0,3.71,1522711441
Sabang,PH,13.72,123.58,78.57,97,64,7.07,1522711459
Sabya,YE,16.19,43.1,67.77,69,8,2.71,1522711511
Sabzevar,IR,36.21,57.68,44.1,80,0,3.6,1522711494
Safita,SY,34.82,36.12,57.2,87,0,6.93,1522710000
Saint Anthony,US,43.97,-111.68,36.73,37,75,35.57,1522708320
Saint George,GR,39.45,22.34,44.6,81,20,4.7,1522709400
Saint-Denis,FR,48.94,2.36,52.92,71,0,8.05,1522710000
Saint-Francois,FR,46.42,3.91,53.6,40,0,11.41,1522710000
Saint-Georges,CA,46.12,-70.67,27.95,55,24,5.61,1522711470
Saint-Leu,RE,-21.15,55.28,77.94,69,0,5.82,1522710000
Saint-Philippe,CA,45.36,-73.48,38.3,44,1,14.99,1522710000
Saint-Pierre,FR,48.95,4.24,53.78,71,0,11.41,1522710000
Sainte-Anne-des-Monts,CA,49.13,-66.49,21.65,100,0,5.39,1522711510
Salalah,OM,17.01,54.1,80.6,78,75,5.82,1522705800
Saldanha,PT,41.42,-6.55,49.95,80,44,14.12,1522710925
Salina Cruz,MX,16.18,-95.2,82.31,56,0,6.73,1522711468
Salinopolis,BR,-0.61,-47.36,79.02,100,80,11.1,1522711344
Salisbury,GB,51.07,-1.8,49.32,93,88,17.22,1522705800
Salym,RU,60.06,71.48,11.3,78,0,6.06,1522711488
Samana,EC,0.12,-76.97,77,94,75,3.36,1522710000
Samarai,PG,-10.62,150.67,82.76,100,64,6.73,1522711502
Sambava,MG,-14.27,50.17,76.46,100,92,11.77,1522711279
Sampit,ID,-2.54,112.95,74.03,99,36,4.61,1522711400
Samut Sakhon,TH,13.55,100.27,76.1,83,20,3.36,1522708200
San Carlos,VE,9.66,-68.59,87.8,66,20,2.37,1522710000
San Carlos de Bariloche,AR,-41.13,-71.31,71.6,33,0,16.11,1522706400
San Cristobal,EC,-0.39,-78.55,55.4,82,90,3.36,1522706400
San Jose,PH,15.79,120.99,71.78,100,76,2.71,1522711091
San Juan,AR,-31.54,-68.53,60.26,82,0,1.14,1522711088
San Juan de la Vega,MX,20.62,-100.76,82.4,18,75,11.41,1522709040
San Lorenzo,HN,13.43,-87.45,84.38,72,0,11.21,1522711483
San Patricio,PY,-26.98,-56.83,71.15,80,56,3.71,1522711163
San Pedro de Uraba,CO,8.28,-76.38,80.6,69,40,11.41,1522710000
San Quintin,PH,17.54,120.52,73.4,83,20,4.7,1522710000
San Rafael,AR,-34.61,-68.33,64.94,52,0,7.29,1522711506
Sandpoint,US,48.28,-116.55,36.14,59,90,12.75,1522708500
Sangar,RU,63.92,127.47,10.8,65,76,12.44,1522711440
Sangmelima,CM,2.93,11.98,68.63,95,32,2.37,1522711378
Santa Cruz,US,36.97,-122.03,66.2,72,1,8.05,1522709760
Santa Cruz Cabralia,BR,-16.28,-39.02,80.6,74,20,8.05,1522710000
Santa Lucia,IT,39.93,9.66,53.6,81,20,3.36,1522709700
Sanwer,IN,22.97,75.83,70.16,28,0,7.29,1522711350
Sao Desiderio,BR,-12.36,-44.97,76.77,68,20,5.84,1522711328
Sao Felix do Xingu,BR,-6.64,-51.99,77,92,76,2.15,1522711399
Sao Filipe,CV,14.9,-24.5,69.08,100,24,17.13,1522711193
Sao Joao da Barra,BR,-21.64,-41.05,80.6,74,0,9.17,1522706400
Saskylakh,RU,71.97,114.09,-9.05,67,0,8.63,1522711319
Sedhiou,SN,12.71,-15.56,89.6,33,0,2.24,1522706400
Sehithwa,BW,-20.47,22.7,66.2,61,0,11.21,1522711322
Selaphum,TH,16.03,103.94,71.6,83,64,3.36,1522706400
Seoul,KR,37.57,126.98,60.42,82,75,3.71,1522709760
Serowe,BW,-22.4,26.7,61.79,79,36,9.53,1522711324
Sesheke,NA,-17.47,24.29,64.85,71,0,6.73,1522711378
Severo-Kurilsk,RU,50.68,156.12,31.19,99,92,17.47,1522711307
Seymchan,RU,62.93,152.39,29.48,83,80,5.95,1522711372
Shakawe,BW,-18.36,21.84,66.83,51,0,8.63,1522711385
Shimoda,JP,34.7,138.93,61.34,100,12,5.39,1522711347
Shingu,JP,33.72,135.99,62.6,82,0,2.24,1522708800
Shiraz,IR,29.61,52.54,59,14,0,6.93,1522708200
Shubarkuduk,KZ,49.15,56.49,27.59,67,0,12.66,1522711492
Shubarshi,KZ,48.59,57.19,25.92,75,0,12.88,1522711525
Sibolga,ID,1.74,98.78,68.81,100,64,2.15,1522711251
Sibu,MY,2.29,111.83,75.2,94,75,3.36,1522710000
Sinnamary,GF,5.38,-52.96,78.93,100,92,8.63,1522711243
Sinop,TR,42.03,35.15,49.95,87,12,6.73,1522711463
Sioux Lookout,CA,50.1,-91.92,13.24,23,20,3.36,1522710000
Sisimiut,GL,66.94,-53.67,11.84,73,8,2.15,1522711510
Sitka,US,37.17,-99.65,76.28,35,0,22.28,1522711200
Sitrah,BH,26.15,50.62,75.2,53,0,6.93,1522710000
Skibbereen,IE,51.55,-9.27,46.4,100,75,9.17,1522708200
Skjervoy,NO,70.03,20.97,28.08,100,64,10.98,1522711403
Skovorodino,RU,53.99,123.94,18.68,31,0,12.44,1522711401
Smithers,CA,54.78,-127.17,33.8,31,90,9.17,1522710000
Sobolevo,RU,54.43,31.9,32.85,93,92,14.12,1522711464
Sola,NO,58.89,5.65,30.99,100,0,4.7,1522709400
Solnechnyy,RU,50.72,136.64,28.08,55,24,10.09,1522711495
Sorland,NO,67.67,12.69,33.53,100,0,4.72,1522711295
Soroti,UG,1.71,33.61,65.03,100,56,2.93,1522711301
Sosua,DO,19.77,-70.52,77.83,78,40,5.82,1522710000
Sotouboua,TG,8.56,0.98,77.31,83,36,8.52,1522711395
Souillac,FR,45.6,-0.6,56.21,58,0,19.46,1522710000
Sovetskiy,RU,56.76,48.47,32.09,92,76,15.46,1522711269
Soyo,AO,-6.13,12.37,76.55,94,76,2.59,1522711434
Spasskoye,RU,55.86,45.7,34.11,95,64,15.46,1522711494
Srednekolymsk,RU,67.46,153.71,31.23,72,0,6.62,1522711357
Stara Vyzhivka,UA,51.44,24.44,34.38,91,0,8.86,1522711397
Stokmarknes,NO,68.56,14.91,21.2,73,0,5.82,1522705800
Straumen,NO,63.87,11.3,28.4,100,75,4.7,1522709400
Strezhevoy,RU,60.73,77.6,10.4,92,20,13.42,1522708200
Sturgeon Bay,US,44.83,-87.38,33.22,82,90,10.29,1522709760
Suixi,CN,33.92,116.76,68.85,92,0,6.62,1522711478
Sunds,DK,56.2,9.01,34.61,91,92,5.82,1522709400
Sungaipenuh,ID,-2.08,101.38,66.65,98,64,0.92,1522711479
Suntar,RU,62.16,117.65,6.8,55,0,3.71,1522711417
Svarstad,NO,59.4,9.97,25.66,100,24,2.24,1522709400
Syedove,UA,47.08,38.16,44.51,93,92,11.77,1522711450
Sylacauga,US,33.17,-86.25,75.9,50,1,8.05,1522709700
Tacuati,PY,-23.46,-56.74,72.95,82,44,2.59,1522711362
Tagaytay,PH,14.12,120.96,80.6,83,40,1.12,1522710000
Tagusao,PH,9.19,117.81,79.11,91,0,4.61,1522711512
Takoradi,GH,4.89,-1.75,81.05,98,32,6.29,1522711069
Talcahuano,CL,-36.72,-73.12,55.4,93,90,5.82,1522706400
Talnakh,RU,69.49,88.39,-21.2,61,12,2.82,1522710958
Taltal,CL,-25.41,-70.49,58.19,91,0,2.37,1522711388
Tame,CO,6.46,-71.72,59.63,96,36,0.58,1522711308
Tanete,ID,-3.94,119.78,80.73,86,0,4.5,1522711332
Tangshan,CN,39.63,118.17,47.03,63,100,21.94,1522711323
Taoudenni,ML,22.68,-3.98,80.15,18,8,9.64,1522711503
Tara,JP,33,130.15,58.95,72,20,11.41,1522708200
Tasiilaq,GL,65.61,-37.64,17.6,78,8,5.82,1522709400
Tateyama,JP,36.66,137.31,60.8,55,75,6.93,1522706400
Taunggyi,MM,20.78,97.03,56.97,93,20,2.15,1522711428
Tautira,PF,-17.73,-149.15,86,62,75,2.24,1522710000
Te Anau,NZ,-45.41,167.72,50.54,79,44,13.78,1522710696
Tekeli,KZ,44.86,78.76,21.56,77,20,1.7,1522711506
Teknaf,BD,20.86,92.31,72.9,88,64,4.72,1522710946
Telemaco Borba,BR,-24.32,-50.62,61.34,95,36,3.27,1522711521
Terenos,BR,-20.44,-54.87,69.8,100,40,2.24,1522710000
Tessalit,ML,20.2,1.01,66.56,30,0,3.15,1522711250
Texistepec,MX,17.89,-94.82,82.4,61,5,11.41,1522708860
Tezu,IN,27.93,96.16,61.43,49,0,1.92,1522711071
The Valley,AI,18.22,-63.06,78.89,73,20,8.05,1522706400
Thompson,CA,55.74,-97.86,8.6,32,20,8.05,1522710000
Thyboron,DK,56.7,8.21,36.45,100,92,13.44,1522711486
Tiarei,PF,-17.53,-149.33,86,62,75,2.24,1522710000
Tigzirt,DZ,36.57,4.2,64.08,46,88,3.6,1522711359
Tiksi,RU,71.64,128.87,6.66,79,68,4.61,1522711314
Tilichiki,RU,60.47,166.1,35.46,93,92,12.88,1522711325
Timbuktu,ML,16.77,-3.01,74.84,33,44,2.37,1522711532
Tobermory,CA,45.25,-81.67,32.67,87,88,10.65,1522711354
Tongchuan,CN,34.9,108.95,46.4,93,0,1.59,1522706400
Tongliao,CN,43.61,122.27,38.48,33,80,14,1522711355
Toppenish,US,46.38,-120.31,55.4,24,40,14.99,1522709580
Torbay,CA,47.66,-52.73,33.8,64,75,16.11,1522710000
Totness,US,33.74,-80.8,80.6,28,75,10.29,1522709760
Touros,BR,-5.2,-35.46,80.69,87,80,10.2,1522711224
Trairi,BR,-3.28,-39.27,81.5,100,76,9.98,1522711417
Traverse City,US,44.76,-85.62,34.9,50,90,3.36,1522708560
Tres Arroyos,AR,-38.38,-60.28,59.45,74,0,4.72,1522711517
Tromso,NO,69.65,18.96,15.8,78,0,3.36,1522709400
Tsuyama,JP,35.14,134.03,55.4,76,75,10.29,1522706400
Tuatapere,NZ,-46.13,167.69,56.03,99,0,21.61,1522711347
Tuktoyaktuk,CA,69.44,-133.03,-1.74,77,75,11.41,1522710000
Tumut,AU,-35.3,148.22,64.08,80,0,3.38,1522711522
Tura,IN,25.52,90.21,63.5,88,0,2.48,1522711060
Turka,UA,49.16,23.03,27.45,81,0,5.28,1522711449
Turukhansk,RU,65.8,87.96,-8.64,81,44,5.61,1522711508
Tuy Hoa,VN,13.08,109.3,71.06,100,80,3.94,1522711318
Uaua,BR,-9.84,-39.48,86.63,39,100,5.84,1522711402
Uberlandia,BR,-18.92,-48.28,67.1,96,80,2.59,1522711291
Ucluelet,CA,48.94,-125.55,46.4,61,75,16.11,1522710000
Udachnyy,RU,66.42,112.4,0.59,60,0,4.94,1522711222
Ulaangom,MN,49.98,92.07,-2.93,60,8,1.7,1522711453
Ulladulla,AU,-35.36,150.48,64.4,88,75,4.7,1522708200
Umba,RU,66.69,34.34,30.06,88,92,17.25,1522711208
Umm Lajj,SA,25.02,37.27,65.39,100,8,0.47,1522711407
Upernavik,GL,72.79,-56.15,14.67,84,0,10.87,1522711188
Ushuaia,AR,-54.81,-68.31,41,93,75,14.99,1522706400
Ust-Kulom,RU,61.69,53.69,28.49,89,92,10.76,1522711358
Utete,TZ,-7.99,38.76,72.72,100,92,0.81,1522711423
Uthal,PK,25.81,66.62,72.95,92,88,3.38,1522711471
Uvat,RU,59.14,68.9,16.25,90,20,5.84,1522711318
Uyuni,BO,-20.46,-66.82,43.25,14,0,8.86,1522711262
Vaini,IN,15.34,74.49,62.73,91,0,2.37,1522711140
Valdosta,US,30.83,-83.28,80.24,42,40,6.62,1522709760
Valparaiso,US,41.47,-87.06,42.8,45,1,9.17,1522710900
Vanavara,RU,60.35,102.28,12.74,71,76,4.72,1522711479
Vanderhoof,CA,54.02,-124.02,29.88,39,32,2.71,1522711336
Vanimo,PG,-2.67,141.3,82.76,100,76,6.85,1522710717
Vao,EE,59.1,26.19,29.97,91,92,14.45,1522710983
Vardo,US,39.62,-77.74,45.5,70,90,4.7,1522709700
Velur,IN,10.64,76.16,76.75,88,40,4.38,1522710000
Venancio Aires,BR,-29.61,-52.19,64.71,100,64,1.48,1522711377
Veraval,FR,49.65,0.71,50.59,93,24,6.93,1522710000
Verkhnyaya Toyma,RU,62.24,45,36.45,92,92,13.44,1522711455
Verkhoturye,RU,58.86,60.81,16.02,74,88,2.37,1522711491
Verkhoyansk,RU,67.55,133.39,18.05,74,44,3.15,1522711461
Vestmanna,FO,62.16,-7.17,30.2,74,88,12.75,1522709400
Vestmannaeyjar,IS,63.44,-20.27,34.7,100,92,11.21,1522711252
Victoria,BN,5.28,115.24,78.01,100,75,0.58,1522710000
Vidisha,IN,23.52,77.8,69.8,36,0,7.85,1522711359
Viedma,AR,-40.81,-62.99,70.79,43,0,10.2,1522711451
Vigeland,NO,58.46,8.52,28.4,86,64,3.36,1522709400
Vikulovo,RU,55.07,40.96,37.85,96,92,16.24,1522711378
Vila,IT,45.18,8.4,48.2,81,40,2.24,1522709400
Vila Franca do Campo,PT,37.72,-25.43,59,67,40,20.8,1522710000
Vila Velha,BR,-3.71,-38.6,78.8,88,20,4.7,1522710000
Villa Bruzual,VE,9.33,-69.12,87.8,66,20,4.05,1522710000
Vilyuysk,RU,63.75,121.63,4.91,52,0,5.73,1522711347
Visby,SE,57.64,18.3,35.6,64,0,6.93,1522709400
Vondrozo,MG,-22.82,47.32,69.21,96,44,2.71,1522711416
Vostok,RU,46.45,135.83,31.41,67,48,6.85,1522711385
Voykove,UA,45.38,36.44,43.56,94,0,20.27,1522711466
Waingapu,ID,-9.65,120.26,78.53,91,20,4.38,1522710872
Waipawa,NZ,-39.94,176.59,71.01,54,24,15.01,1522711356
Wajir,KE,1.75,40.07,70.2,98,80,5.73,1522711325
Walvis Bay,NA,-22.95,14.51,68,88,92,2.24,1522706400
Wanning,AT,48.64,13.53,44.6,65,75,2.24,1522709400
Warmbad,DE,50.67,13.08,43.95,84,0,5.82,1522710000
Waslala,NI,13.33,-85.37,75.83,73,36,3.71,1522711437
Werda,DE,50.44,12.3,41,77,0,5.82,1522710000
West Bay,GB,50.71,-2.76,49.41,93,80,10.29,1522705800
Wewak,PG,-3.55,143.63,81,89,36,2.59,1522711294
Wexford,US,40.63,-80.06,40.24,60,1,4.7,1522709760
Whitehorse,CA,60.72,-135.06,24.8,32,75,12.75,1522710000
Whitianga,NZ,-36.83,175.7,66.15,100,8,2.59,1522711440
Whyalla,AU,-33.04,137.58,62.6,72,0,14.99,1522710000
Willowmore,ZA,-33.3,23.49,52.92,96,68,1.81,1522711433
Winnemucca,US,40.97,-117.74,51.8,20,1,13.87,1522709760
Wufeng,TW,24.63,121.12,69.19,88,20,4.7,1522708200
Wukari,NG,7.87,9.78,82.76,67,24,16.69,1522711373
Xiaoshi,CN,30.59,116.63,64.13,97,80,2.48,1522711466
Xingyi,CN,24.19,102.82,53.96,86,32,2.48,1522711309
Xining,CN,36.62,101.77,26.91,77,0,3.27,1522711396
Xuddur,SO,4.12,43.89,67.55,96,56,2.93,1522711472
Yankton,US,42.87,-97.4,35.6,69,75,11.41,1522709760
Yar-Sale,RU,66.83,70.83,-0.77,68,12,15.79,1522711180
Yarada,IN,17.65,83.27,84.33,94,0,8.63,1522711371
Yarensk,RU,62.17,49.09,32.36,91,92,10.65,1522711430
Yarovoye,RU,52.92,78.56,22.68,91,76,9.42,1522711491
Yatou,CM,3.63,9.81,77,100,75,5.84,1522710000
Yellowknife,CA,62.45,-114.38,6.8,46,20,12.75,1522710000
Yerbogachen,RU,61.28,108.01,13.95,67,56,5.95,1522711523
Ygatimi,PY,-24.08,-55.5,70.7,90,12,1.92,1522711495
Yulara,AU,-25.24,130.99,69.8,46,0,6.93,1522706400
Yumen,CN,40.29,97.04,34.56,34,36,8.86,1522711451
Yuzhnouralsk,RU,54.44,61.27,10.49,66,0,2.93,1522711469
Zarand,IR,30.81,56.57,38.39,33,0,2.04,1522711321
Zhangye,CN,38.94,100.46,30.96,62,0,4.72,1522710894
Zhengjiatun,CN,43.51,123.51,37.98,63,76,13,1522711331
Zhigansk,RU,66.77,123.37,11.43,64,64,8.63,1522711251
