,Name,Country,Latitude,Temperature(C),Humidity(%),Cloudiness(%),Wind Speed(MpH),Date
0,Georgetown,GY,6.8,31.0,58,75,6.2,1522260000
1,Honningsvag,NO,70.98,0.0,100,75,5.1,1522263000
2,Kieta,PG,-6.22,26.24,100,20,1.71,1522263823
3,Lebu,ET,8.96,16.71,44,8,3.86,1522263823
4,Provideniya,RU,64.42,-6.84,100,76,5.46,1522263823
5,Lavrentiya,RU,65.58,-7.67,100,88,1.66,1522263823
6,Olinda,EC,-2.03,30.0,66,75,3.1,1522260000
7,Rikitea,PF,-23.12,26.74,100,100,5.26,1522263824
8,Maldonado,UY,-34.91,27.0,54,75,3.1,1522260000
9,Pevek,RU,69.7,-19.07,60,0,6.81,1522263831
10,Hilo,US,19.71,18.88,69,1,3.66,1522259760
11,Acapulco,MX,16.86,29.0,66,5,2.6,1522258800
12,Mataura,NZ,-46.19,11.16,100,92,1.61,1522263839
13,Isangel,VU,-19.55,24.86,100,92,8.41,1522263833
14,Klaksvik,FO,62.23,4.0,93,92,3.1,1522263000
15,Tasiilaq,GL,65.61,0.0,88,75,1.5,1522263000
16,Kapaa,US,22.08,19.9,88,1,2.6,1522259760
17,Valparaiso,US,41.47,9.42,76,90,1.5,1522262100
18,Longyearbyen,NO,78.22,-11.0,61,75,4.1,1522259400
19,Albany,US,42.65,6.96,70,90,1.46,1522263060
20,Avarua,CK,-21.21,27.0,88,75,6.2,1522260000
21,Mar del Plata,AR,-46.43,21.26,33,0,13.46,1522263635
22,Alekseyevsk,RU,57.84,0.26,70,92,4.31,1522263835
23,Srisailam,IN,16.07,25.59,60,44,2.56,1522263836
24,Santa Cruz,US,36.97,19.0,52,1,1.31,1522262100
25,Ribeira Brava,PT,32.65,17.0,67,20,10.8,1522261800
26,Yellowknife,CA,62.45,-27.0,51,5,3.1,1522260000
27,Beboto,TD,8.27,32.36,51,32,1.21,1522263840
28,Talnakh,RU,69.49,-23.69,71,76,2.96,1522263847
29,Chapais,CA,49.78,2.0,74,90,2.6,1522262280
30,Kruisfontein,ZA,-34.0,18.99,87,88,2.41,1522263842
31,Punta Arenas,CL,-53.16,8.0,100,40,17.0,1522260000
32,Lorengau,PG,-2.02,28.06,100,48,3.71,1522263845
33,Jamestown,AU,-33.21,9.26,90,0,1.31,1522263852
34,Souillac,FR,45.6,9.0,93,90,4.6,1522261800
35,New Norfolk,AU,-42.78,13.0,71,20,1.0,1522261800
36,Guerrero Negro,MX,27.97,22.86,34,0,3.01,1522263853
37,Southbridge,US,42.08,11.67,53,1,4.1,1522259760
38,San Patricio,PY,-26.98,28.96,65,56,0.01,1522263854
39,Severo-Kurilsk,RU,50.68,1.31,93,92,6.61,1522263847
40,Bethel,US,60.79,-2.0,86,90,5.1,1522259580
41,Ylivieska,FI,64.07,-7.99,88,12,2.16,1522263856
42,Upernavik,GL,72.79,-17.74,99,0,6.71,1522263857
43,Hermanus,ZA,-34.42,19.24,48,88,2.46,1522263850
44,Arraial do Cabo,BR,-22.97,30.0,62,20,7.2,1522260000
45,Butaritari,KI,3.07,28.36,99,80,4.66,1522263850
46,Deputatskiy,RU,69.3,-31.84,36,0,1.21,1522263577
47,Bluff,AU,-23.58,21.94,62,0,3.91,1522263851
48,Zhuhai,CN,40.71,11.0,21,0,7.0,1522260000
49,Quatre Cocos,MU,-20.21,25.0,88,20,2.1,1522260000
50,Portland,US,45.52,11.28,54,75,3.1,1522263180
51,Raglan,NZ,-37.8,19.26,96,56,2.46,1522263857
52,East London,ZA,-33.02,20.0,88,75,4.6,1522260000
53,Oudtshoorn,ZA,-33.59,17.0,77,20,2.1,1522260000
54,Saint George,GR,39.45,10.0,61,20,2.1,1522259400
55,Hobart,AU,-42.88,13.0,71,20,1.0,1522261800
56,Bredasdorp,ZA,-34.53,21.0,49,92,2.1,1522260000
57,Puerto Ayora,EC,-0.74,29.0,66,20,5.1,1522260000
58,Goderich,CA,43.74,5.86,100,76,1.61,1522263865
59,Vardo,US,39.62,7.66,93,90,2.1,1522262100
60,Ulaangom,MN,49.98,-4.54,66,0,1.96,1522263859
61,Dan Khun Thot,TH,15.21,25.0,88,48,1.5,1522260000
62,Myitkyina,MM,25.38,17.09,89,0,0.96,1522263867
63,Airai,TL,-8.93,21.44,92,68,0.76,1522263860
64,Vila Franca do Campo,PT,37.72,15.0,54,40,5.1,1522261800
65,Presidencia Roque Saenz Pena,AR,-26.79,26.99,88,12,2.11,1522263868
66,Dudinka,RU,69.41,-23.42,70,64,3.46,1522263868
67,Suez,EG,29.97,19.74,77,100,7.36,1522263862
68,Mehamn,NO,71.03,-0.95,86,40,7.7,1522263000
69,Eurajoki,FI,61.2,-1.0,46,0,1.0,1522263000
70,Lincoln,GB,53.23,6.33,75,40,3.1,1522261200
71,Semarang,ID,-6.99,19.86,100,8,1.56,1522263863
72,Faanui,PF,-16.48,28.59,97,44,5.56,1522263864
73,San Cristobal,EC,-0.39,21.0,43,40,4.1,1522260000
74,Busselton,AU,-33.64,17.01,100,68,3.11,1522263865
75,Mareeba,AU,-16.99,26.0,88,75,4.1,1522261800
76,Port Alfred,ZA,-33.59,20.61,95,92,1.61,1522263865
77,Katsuura,JP,33.93,8.24,85,0,0.86,1522263865
78,Vaini,IN,15.34,22.86,94,24,1.61,1522263865
79,Barrow,AR,-38.31,27.56,41,0,6.61,1522263697
80,Voh,NC,-20.95,25.49,100,56,6.01,1522263866
81,Ilulissat,GL,69.22,-14.0,50,20,1.66,1522263000
82,Dikson,RU,73.51,-22.92,67,20,4.01,1522263873
83,Safford,US,32.83,19.0,15,1,8.2,1522259460
84,Bayir,TR,37.27,15.0,82,75,2.1,1522261200
85,Thompson,CA,55.74,-11.0,36,20,6.2,1522260000
86,Joshimath,IN,30.57,-10.92,100,0,0.56,1522263872
87,Saskylakh,RU,71.97,-16.49,66,64,3.46,1522263872
88,Sainte-Suzanne,CH,47.51,8.99,93,75,4.6,1522261800
89,Laguna,MX,27.52,25.0,13,5,2.6,1522259400
90,Yar-Sale,RU,66.83,-18.39,68,12,6.96,1522263873
91,Saint-Ambroise,FR,47.25,8.0,65,0,2.1,1522261800
92,Birmitrapur,IN,22.4,22.16,47,12,1.61,1522263873
93,Gubkinskiy,RU,64.43,-24.54,59,0,4.21,1522263874
94,Dingli,MT,35.86,14.0,82,20,6.2,1522260900
95,Richards Bay,ZA,-28.77,26.34,64,0,4.96,1522263874
96,Carnarvon,ZA,-30.97,21.91,41,88,4.16,1522263881
97,Esperance,TT,10.24,30.0,58,20,6.7,1522260000
98,Chilliwack,CA,49.17,7.68,75,90,4.6,1522260000
99,Ushuaia,AR,-54.81,10.62,53,40,2.6,1522261680
100,Luderitz,NA,-26.65,19.0,77,76,2.1,1522260000
101,Ayan,TR,40.67,8.16,86,92,0.91,1522263883
102,Batagay,RU,67.65,-25.49,41,0,1.31,1522263883
103,Qaanaaq,GL,77.48,-21.67,89,32,2.01,1522263884
104,Ballina,IE,54.11,5.0,75,75,1.5,1522260000
105,Galle,US,29.74,18.67,88,90,2.6,1522263180
106,Smithers,CA,54.78,3.0,55,75,1.16,1522260000
107,Carutapera,BR,-1.2,28.36,89,64,3.21,1522263879
108,La Ronge,CA,55.1,-8.0,57,20,5.7,1522260000
109,Mount Isa,AU,-20.73,28.0,61,88,2.6,1522261800
110,Chuy,UY,-33.69,23.81,87,56,5.36,1522263880
111,Nyurba,RU,63.29,-6.82,83,36,3.56,1522263880
112,Sibolga,ID,1.74,21.21,100,88,0.51,1522263880
113,Quartz Hill,US,34.65,17.92,58,1,1.76,1522261200
114,Santa Lucia,IT,39.93,18.0,45,0,1.0,1522259700
115,Omboue,GA,-1.57,28.76,100,36,5.26,1522263882
116,Hamilton,BM,32.3,18.0,59,75,7.7,1522259700
117,Touros,BR,-5.2,27.61,88,80,3.71,1522263883
118,Praia da Vitoria,PT,38.73,16.0,59,40,5.51,1522260000
119,Yeppoon,AU,-23.13,20.0,94,0,1.0,1522261800
120,Port Elizabeth,US,39.31,9.4,76,90,1.5,1522263300
121,Castro,CL,-42.48,15.26,79,0,2.61,1522263616
122,Qaqortoq,GL,60.72,0.0,100,40,4.1,1522263000
123,Sioux Lookout,CA,50.1,1.43,94,90,8.7,1522262400
124,Coatzintla,MX,20.48,27.0,78,75,2.1,1522259040
125,Iranshahr,IR,27.21,30.0,8,0,1.26,1522260000
126,Lhokseumawe,ID,5.18,29.19,95,32,0.71,1522263897
127,Puerto del Rosario,ES,28.5,20.88,46,64,6.2,1522261800
128,Gazanjyk,TM,39.24,15.41,90,48,1.06,1522263890
129,Rtishchevo,RU,52.26,-7.94,86,44,1.71,1522263891
130,San Jeronimo,PE,-13.65,14.0,58,75,1.11,1522260000
131,Myaundzha,RU,63.05,-13.92,83,68,1.26,1522263891
132,Bitung,ID,1.44,25.0,94,40,1.0,1522261800
133,Port Macquarie,AU,-31.43,17.0,100,80,1.0,1522260000
134,Atuona,PF,-9.8,27.84,99,20,6.61,1522263892
135,Shelburne,CA,44.08,6.95,61,75,2.11,1522260000
136,Yatou,CM,3.63,28.0,88,40,2.1,1522260000
137,Ponta do Sol,BR,-20.63,27.81,56,12,3.31,1522263893
138,Nelson Bay,AU,-32.72,16.0,93,12,3.96,1522261800
139,Poum,MK,41.28,6.0,41,20,2.6,1522261800
140,Margate,AU,-43.03,13.0,71,20,1.0,1522261800
141,High Rock,BS,26.63,25.0,61,75,3.6,1522260000
142,Cairns,AU,-16.92,26.0,88,75,4.1,1522261800
143,Colares,PT,38.8,14.58,76,75,4.6,1522261800
144,Naryan-Mar,RU,67.67,-23.67,54,8,1.11,1522263898
145,Iqaluit,CA,63.75,-6.0,85,90,9.8,1522262160
146,Kattivakkam,IN,13.22,29.0,83,0,2.1,1522261800
147,Barra do Bugres,BR,-15.07,27.66,92,64,1.96,1522263899
148,Natal,BR,-5.81,25.0,100,75,2.6,1522261920
149,Saint-Philippe,CA,45.36,5.49,75,90,1.0,1522261140
150,Lubumbashi,CD,-11.66,20.74,80,0,1.61,1522263906
151,Saint-Joseph,FR,43.56,14.11,87,0,1.0,1522261800
152,Yabelo,ET,4.89,26.31,35,12,4.46,1522263900
153,Moron,VE,10.49,27.59,67,36,1.76,1522263908
154,Amsterdam,NL,52.37,3.0,93,75,7.2,1522259700
155,Ermelo,NL,52.3,4.0,93,75,8.2,1522263300
156,Ust-Ishim,RU,57.69,-2.19,93,92,4.36,1522263908
157,Puerto Madryn,AR,-42.77,23.96,52,20,5.11,1522263902
158,Okha,RU,53.59,-5.44,87,76,7.06,1522263909
159,Coihueco,CL,-36.63,26.0,34,0,5.1,1522260000
160,Tuktoyaktuk,CA,69.44,-26.38,68,20,7.2,1522260000
161,Oussouye,SN,12.49,28.04,57,0,4.1,1522260000
162,Lukovetskiy,RU,64.29,-13.0,84,0,2.0,1522261800
163,Henties Bay,NA,-22.12,17.81,99,80,3.16,1522263907
164,Lososina,RU,49.0,-2.32,85,0,4.31,1522263907
165,Cherskiy,RU,68.75,-17.74,64,76,1.46,1522263915
166,Nhulunbuy,AU,-12.18,25.0,100,40,2.06,1522261800
167,Nioki,CD,-2.72,22.99,96,92,1.06,1522263908
168,Kabwe,ZM,-14.44,23.16,65,0,4.76,1522263915
169,Mabaruma,GY,8.2,27.76,85,48,2.71,1522263909
170,Lagdo,CM,9.06,37.0,13,0,1.0,1522260000
171,Sao Filipe,CV,14.9,21.94,93,0,6.56,1522263917
172,Gunjur,GM,13.18,28.0,51,0,5.1,1522260000
173,Calabozo,VE,8.92,35.16,42,36,6.11,1522263918
174,Vanimo,PG,-2.67,26.36,100,24,1.21,1522263918
175,Brae,GB,60.4,3.0,86,92,12.3,1522263000
176,Nikolskoye,RU,59.7,-3.0,86,75,2.0,1522261800
177,Sanislau,RO,47.63,7.56,75,0,2.6,1522261800
178,Te Anau,NZ,-45.41,8.34,97,80,1.11,1522263913
179,Chunskiy,RU,56.08,0.41,77,48,2.71,1522263913
180,Faya,SA,18.39,19.0,52,0,6.2,1522260000
181,Fengrun,CN,39.83,10.41,51,48,4.41,1522263914
182,Mayo,CA,63.59,-16.0,49,5,1.21,1522260000
183,San Ignacio,CL,-36.8,26.0,34,0,5.1,1522260000
184,Victoria,BN,5.28,25.0,94,75,0.5,1522261800
185,Puerto Narino,CO,-3.77,31.0,66,75,1.5,1522260000
186,Geraldton,CA,49.72,4.0,64,90,10.3,1522260000
187,Northam,GB,51.04,6.0,70,20,2.6,1522263000
188,Pangnirtung,CA,66.15,-7.0,85,90,9.8,1522260000
189,Matara,PE,-13.74,14.0,58,75,1.11,1522260000
190,Belmonte,PT,40.36,13.61,68,80,2.56,1522263974
191,Kahului,US,20.89,22.0,94,20,1.56,1522259640
192,Beloha,MG,-25.17,23.74,72,0,6.96,1522263971
193,Leczna,PL,51.3,0.01,89,80,3.21,1522263971
194,Chokurdakh,RU,70.62,-23.84,73,56,2.86,1522263978
195,Neuquen,AR,-38.95,30.0,25,0,1.5,1522260000
196,Bonfim,BR,-20.33,28.0,45,75,3.1,1522260000
197,Moranbah,AU,-22.0,19.01,71,0,2.46,1522263973
198,Port-Cartier,CA,50.03,0.0,100,90,3.6,1522260000
199,Mahebourg,MU,-20.41,25.0,88,20,2.1,1522260000
200,Khonsa,IN,26.99,18.91,75,76,0.86,1522263974
201,Nosy Varika,MG,-20.58,23.94,100,88,2.01,1522263974
202,Nanortalik,GL,60.14,-2.39,100,0,4.86,1522263981
203,Saint-Pierre,FR,48.95,8.11,81,75,6.7,1522261800
204,Kavaratti,IN,10.57,28.51,100,8,2.56,1522263978
205,Bulgan,MN,48.81,-5.52,70,8,1.46,1522263986
206,Husavik,CA,50.56,-7.52,100,12,9.36,1522263980
207,Umm Kaddadah,SD,13.6,27.81,25,0,1.31,1522263980
208,Baykit,RU,61.68,-13.99,67,8,3.81,1522263987
209,Kirakira,SB,-10.46,28.66,100,32,1.76,1522263981
210,Los Llanos de Aridane,ES,28.66,19.0,88,20,7.2,1522261800
211,Tadine,NC,-21.55,24.99,100,100,9.26,1522263981
212,Mahon,IE,51.89,5.0,80,20,5.7,1522261800
213,Leningradskiy,RU,69.38,-23.94,74,0,3.61,1522263982
214,Plettenberg Bay,ZA,-34.05,18.46,100,88,1.51,1522263989
215,Agirish,RU,61.92,-19.04,71,8,1.31,1522263983
216,Khandbari,NP,27.38,1.76,77,68,0.41,1522263983
217,Synya,RU,65.37,-12.42,75,68,3.76,1522263990
218,Norman Wells,CA,65.28,-20.0,48,20,3.1,1522260000
219,Flinders,AU,-34.58,15.0,93,0,1.51,1522260000
220,Namibe,AO,-15.19,25.51,100,44,4.56,1522263991
221,Erzin,TR,36.95,18.9,64,75,3.1,1522261200
222,Karratha,AU,-20.74,30.09,46,56,0.41,1522263781
223,Anchorage,US,61.22,0.38,86,90,1.16,1522261620
224,San Juan Evangelista,MX,17.88,31.0,66,5,2.76,1522259880
225,Kidal,ML,18.44,28.86,16,0,3.81,1522263997
226,Torbay,CA,47.66,1.94,93,90,1.5,1522261620
227,Cape Town,ZA,-33.93,18.0,82,75,3.6,1522260000
228,Port-Gentil,GA,-0.72,28.0,83,40,4.6,1522260000
229,Saint-Louis,CH,47.59,10.0,87,75,5.7,1522261800
230,Kuytun,RU,54.34,-2.19,77,44,1.86,1522263992
231,Krasnyy Chikoy,RU,50.36,-8.59,68,0,1.11,1522263999
232,Hearst,CA,49.69,6.96,69,20,4.56,1522263999
233,Marmande,FR,44.5,11.51,87,90,2.1,1522261800
234,Narsaq,GL,60.91,0.0,70,40,4.1,1522263000
235,Tual,ID,-5.67,24.99,100,88,4.36,1522264000
236,Muros,ES,42.77,7.0,81,40,4.1,1522263600
237,Dunedin,NZ,-45.87,9.24,95,92,1.06,1522263877
238,Itupiranga,BR,-5.13,33.0,63,20,2.6,1522260000
239,Acajutla,SV,13.59,33.0,63,20,2.6,1522259400
240,Santa Maria,BR,-29.69,25.56,85,48,2.31,1522263997
241,Okhotsk,RU,59.36,-6.09,87,76,2.66,1522264006
242,Nemuro,JP,43.32,4.94,79,68,9.71,1522264000
243,Mouzouras,GR,35.53,13.0,71,75,6.2,1522261200
244,Broken Hill,AU,-31.97,12.94,68,0,1.96,1522264000
245,Chikwawa,MW,-16.03,23.99,91,76,2.06,1522264008
246,Fuyang,CN,32.89,14.31,78,8,1.06,1522264001
247,Calvia,ES,39.57,15.0,87,0,1.5,1522263600
248,Srednekolymsk,RU,67.46,-17.59,74,76,1.51,1522264002
249,Bara,NG,10.41,33.71,19,0,3.26,1522264002
250,Arraias,BR,-12.93,30.94,56,0,4.81,1522264009
251,Biak,ID,-0.91,24.84,100,92,1.16,1522264010
252,Sao Joao da Barra,BR,-21.64,30.0,48,20,4.1,1522260000
253,Hun,BE,50.34,4.2,80,80,8.2,1522263300
254,Hithadhoo,MV,-0.6,28.24,100,20,0.61,1522264004
255,Srandakan,ID,-7.94,22.76,100,88,1.76,1522264011
256,Hawera,NZ,-39.59,16.84,100,56,4.21,1522263890
257,Dingle,PH,11.0,21.99,94,12,3.11,1522264012
258,Pedasi,PA,7.53,25.74,93,0,6.76,1522264005
259,Moyale,ET,3.52,28.21,37,80,5.16,1522264008
260,Warrington,GB,53.39,5.45,75,0,3.6,1522263000
261,Maxixe,MZ,-23.86,24.41,100,88,4.86,1522264009
262,Sicamous,CA,50.84,7.0,42,90,3.1,1522260000
263,Huancavelica,PE,-12.79,11.51,77,36,0.86,1522264010
264,Adamas,GR,36.73,12.0,93,92,9.3,1522261200
265,Port Blair,IN,11.67,28.56,100,8,2.51,1522264011
266,Colac,AU,-38.34,11.01,99,80,0.96,1522264011
267,La Roche-sur-Yon,FR,46.67,8.7,81,0,5.1,1522261800
268,Noumea,NC,-22.28,24.0,83,92,2.6,1522261800
269,Tshikapa,CD,-6.42,22.41,98,88,1.06,1522264012
270,Waddan,LY,29.16,15.31,38,0,4.31,1522264012
271,Saint-Michel-des-Saints,CA,46.68,7.09,68,8,1.51,1522264012
272,Mandalgovi,MN,45.76,-0.64,77,0,3.01,1522264012
273,Misratah,LY,32.38,15.01,89,56,7.66,1522264013
274,Adelaide,AU,-34.93,15.0,82,75,2.6,1522261800
275,Miracema do Tocantins,BR,-9.56,30.01,94,12,2.26,1522264013
276,Bismarck,US,46.81,0.0,96,20,9.3,1522263120
277,Bubaque,GW,11.28,34.0,34,0,6.2,1522260000
278,Isabela,PH,10.2,22.01,86,20,1.86,1522264014
279,Clyde River,CA,70.47,-26.0,75,20,1.5,1522260000
280,Ndago,UG,-0.97,14.56,100,64,1.51,1522264014
281,Tiznit,MA,29.7,21.11,59,56,2.21,1522264021
282,Solnechnyy,RU,50.72,-7.42,78,0,2.11,1522264015
283,La Baule-Escoublac,FR,47.28,9.44,71,20,6.2,1522261800
284,Udachnyy,RU,66.42,-14.94,72,12,2.06,1522264016
285,Kalabo,ZM,-15.0,20.61,90,64,1.31,1522264023
286,Dubuque,US,42.5,9.49,66,40,3.6,1522262100
287,Aripuana,BR,-9.17,32.06,61,12,1.36,1522264024
288,Cidreira,BR,-30.17,24.09,93,92,2.11,1522264017
289,Ahipara,NZ,-35.17,14.84,100,0,1.61,1522264025
290,Axim,GH,4.87,28.74,95,24,6.56,1522264018
291,Kodiak,US,39.95,9.0,76,90,3.41,1522259580
292,Ribeira Grande,PT,38.52,15.0,51,20,7.7,1522261800
293,Nakamura,JP,35.17,11.0,87,0,2.6,1522261800
294,Necochea,AR,-38.55,26.01,60,0,6.36,1522263821
295,Payson,US,40.04,9.59,40,75,8.7,1522263360
296,Salinopolis,BR,-0.61,26.59,100,88,3.21,1522264020
297,Waterloo,CA,43.47,5.42,75,90,1.0,1522260000
298,Sorong,ID,-0.86,27.09,100,68,4.81,1522264023
299,Taitung,TW,22.76,18.61,100,8,4.16,1522264032
300,Maumere,ID,-8.63,27.51,100,76,1.96,1522264033
301,Saint-Georges,CA,46.12,5.31,71,64,1.66,1522264035
302,Lagoa,PT,37.14,22.0,26,0,4.6,1522261800
303,Kaitangata,NZ,-46.28,10.96,96,92,1.76,1522264029
304,Lasa,CY,34.92,18.11,82,40,1.5,1522263600
305,Kavieng,PG,-2.57,27.61,100,44,3.71,1522264030
306,Salalah,OM,17.01,28.0,42,0,1.5,1522259400
307,Khatanga,RU,71.98,-23.19,68,76,6.96,1522264037
308,Menongue,AO,-14.66,20.21,83,44,1.06,1522264037
309,Abiramam,IN,9.44,29.0,70,20,3.56,1522260000
310,Lompoc,US,34.64,18.19,63,20,3.1,1522262100
311,Miri,NG,10.31,30.56,21,0,3.01,1522264034
312,Poitiers,FR,46.58,9.0,93,75,5.7,1522261800
313,Terrace,CA,54.52,4.0,86,75,3.6,1522260000
314,Port Augusta,AU,-32.49,18.0,72,75,4.6,1522260000
315,Tilichiki,RU,60.47,-11.42,82,92,1.51,1522264044
316,General Artigas,PY,-26.93,29.0,58,75,2.1,1522260000
317,Buala,SB,-8.15,27.11,96,76,1.41,1522264044
318,Namatanai,PG,-3.66,27.16,100,64,2.06,1522264045
319,Nanakuli,US,21.39,20.78,93,1,2.46,1522259820
320,Moa,CU,20.66,23.51,70,76,3.51,1522264046
321,Nipawin,CA,53.36,-11.0,66,1,3.6,1522260000
322,North Myrtle Beach,US,33.83,22.03,64,1,6.7,1522263360
323,Miguel Hidalgo,MX,19.41,25.72,22,5,7.2,1522260480
324,Semey,KZ,50.41,-2.82,87,12,1.66,1522264040
325,Huntington,US,40.87,9.07,70,75,5.1,1522263360
326,Port Hedland,AU,-20.31,29.0,79,12,3.1,1522261800
327,Ilovlya,RU,49.31,1.0,86,75,5.0,1522261800
328,Alofi,NU,-19.06,26.0,88,8,3.6,1522260000
329,Setermoen,NO,68.86,-1.0,92,88,2.1,1522263000
330,Babol,IR,36.55,14.0,93,0,3.1,1522260000
331,Codrington,AU,-28.95,19.99,99,92,2.31,1522264053
332,Nouadhibou,MR,20.93,19.0,82,40,9.3,1522260000
333,Emerald,AU,-23.53,22.06,58,0,4.51,1522264054
334,Bestobe,KZ,52.5,-4.67,83,0,4.81,1522264047
335,Darhan,MN,49.49,-5.19,67,0,1.76,1522264054
336,Saldanha,PT,41.42,10.51,81,68,3.91,1522264048
337,Roald,NO,62.58,0.25,59,0,4.6,1522263000
338,Tura,IN,25.52,20.44,83,0,2.76,1522264056
339,Katangli,RU,51.71,-3.69,87,88,8.61,1522264056
340,Sabzevar,IR,36.21,12.86,38,0,1.06,1522264050
341,Terme,TR,41.21,11.0,81,75,1.0,1522259400
342,Kimbe,PG,-5.56,25.21,100,56,1.36,1522264051
343,Pineville,US,31.32,24.8,88,90,2.6,1522262100
344,Cabo San Lucas,MX,22.89,22.63,60,5,4.6,1522259220
345,Payakumbuh,ID,-0.23,21.24,96,48,0.91,1522264058
346,Bilma,NE,18.69,24.24,12,0,7.36,1522264059
347,Mackay,CA,53.65,1.01,52,40,7.2,1522260000
348,Jahangirabad,IN,28.4,23.49,31,0,3.21,1522264052
349,Neftegorsk,RU,52.8,-0.19,99,68,6.16,1522264053
350,Batemans Bay,AU,-35.71,15.51,98,0,1.26,1522264053
351,Hambantota,LK,6.12,27.61,100,48,2.16,1522264060
352,San Jose,PH,15.79,21.24,98,92,0.76,1522264061
353,Barabai,ID,-2.59,24.09,90,64,0.76,1522264062
354,Talaya,RU,55.79,-3.57,93,88,2.36,1522264055
355,San Matias,HN,13.97,27.0,36,20,4.1,1522260000
356,Olga,US,34.11,19.45,28,1,0.31,1522259880
357,Horta,ES,41.43,16.98,42,0,1.5,1522263600
358,Vila Velha,BR,-3.71,29.0,74,75,5.1,1522260000
359,Grindavik,IS,63.84,8.2,91,75,8.2,1522261800
360,Bayji,IQ,34.93,24.74,35,44,2.86,1522264057
361,Peniche,PT,39.36,14.0,76,75,4.6,1522261800
362,Mocuba,MZ,-16.84,24.36,95,92,1.46,1522264059
363,Ternate,PH,14.29,26.0,94,75,2.6,1522263600
364,Kaliua,TZ,-5.06,19.59,97,20,1.16,1522264063
365,Cap Malheureux,MU,-19.98,25.0,88,20,2.1,1522260000
366,Abdulino,RU,53.68,0.46,100,88,5.41,1522264071
367,Montague,CA,46.17,2.0,100,90,2.6,1522262580
368,Shiloh,US,38.56,9.0,87,90,1.5,1522263120
369,Zhicheng,CN,35.04,15.86,63,0,4.66,1522264066
370,Impfondo,CD,1.62,25.09,78,76,2.26,1522264066
371,Ojinaga,US,29.56,19.11,16,0,2.96,1522264066
372,Rabo de Peixe,PT,37.8,15.0,54,40,5.1,1522261800
373,Fairbanks,US,64.84,-12.33,72,40,1.66,1522259880
374,Pacific Grove,US,36.62,18.22,52,1,0.31,1522262100
375,Sagua la Grande,CU,22.81,26.0,50,75,8.7,1522259400
376,Chernyshevskiy,RU,63.01,-3.59,80,88,6.16,1522264074
377,Itarema,BR,-2.92,28.26,91,56,3.76,1522264074
378,Mogocha,RU,53.73,-9.77,61,0,1.16,1522264076
379,Assiniboia,CA,49.63,-7.04,100,44,2.46,1522264073
380,Broome,GB,52.47,3.4,93,40,3.1,1522263360
381,Mayor Pablo Lagerenza,PY,-19.93,26.96,85,12,2.51,1522264074
382,Maragogi,BR,-9.01,26.74,94,80,2.81,1522264022
383,Gasa,BT,27.91,-11.49,52,88,0.41,1522264075
384,Coihaique,CL,-45.58,13.59,44,20,6.7,1522260000
385,Port Lincoln,AU,-34.72,14.41,100,36,2.31,1522264082
386,Gat,SN,14.69,38.0,33,0,5.1,1522260000
387,Boende,CD,-0.28,24.99,81,80,1.86,1522264076
388,Lima,PE,-12.06,22.76,63,20,1.21,1522263852
389,Pisco,PE,-13.71,23.0,73,0,4.1,1522260000
390,Sucua,EC,-2.46,23.19,90,64,1.86,1522264076
391,Vostok,RU,46.45,-3.77,66,0,2.06,1522264084
392,Ust-Tarka,RU,55.56,-3.42,92,88,4.56,1522264084
393,Anopino,RU,55.7,-10.69,78,12,2.81,1522264085
394,Svetlaya,RU,46.54,2.31,85,12,4.01,1522264083
395,Salto,UY,-31.39,28.0,54,40,1.5,1522260000
396,Inirida,CO,3.87,23.26,100,92,1.21,1522264083
397,Coruripe,BR,-10.12,28.81,88,24,5.46,1522264083
398,Jimenez,PA,8.54,32.0,49,20,3.1,1522260000
399,Gualeguaychu,AR,-33.01,27.36,61,0,2.86,1522264084
400,Kedrovyy,RU,56.17,1.0,59,0,4.0,1522261800
401,Tiksi,RU,71.64,-23.79,36,0,2.86,1522264091
402,Vysokogornyy,RU,50.1,-6.04,69,80,2.56,1522264092
403,Seoul,KR,37.57,11.78,81,75,2.1,1522260000
404,Tyrma,RU,50.04,-5.94,67,12,2.46,1522264085
405,Vao,EE,59.1,-1.89,74,64,4.66,1522264092
406,Nago,IT,45.88,9.17,58,75,2.1,1522261200
407,Shingu,JP,33.72,16.01,87,0,3.61,1522264086
408,Mumford,GH,5.26,28.74,72,32,5.51,1522264086
409,Akureyri,IS,65.68,4.0,91,75,9.8,1522260000
410,Lata,IN,30.78,6.66,60,0,1.26,1522264094
411,Tublay,PH,16.48,20.06,96,24,1.06,1522264095
412,Belaya Gora,RU,68.54,-22.27,79,64,1.46,1522264090
413,Prainha,BR,-1.8,28.71,82,88,1.91,1522264098
414,Hovd,NO,63.83,-0.42,33,0,5.1,1522263000
415,Aklavik,CA,68.22,-19.39,64,5,1.5,1522260000
416,Gizo,IL,31.8,27.0,47,0,1.0,1522261200
417,Songea,TZ,-10.68,18.71,94,24,1.06,1522263864
418,Copiapo,CL,-27.37,19.0,59,40,4.6,1522260000
419,Itarantim,BR,-15.65,24.99,86,64,4.71,1522264093
420,Zeya,RU,53.74,-7.94,46,0,1.86,1522264094
421,Hanyang,CN,32.14,9.94,89,0,0.91,1522264101
422,Awjilah,LY,29.14,16.74,49,36,8.31,1522264094
423,Dekar,BW,-21.53,26.09,46,88,3.56,1522264095
424,Vangaindrano,MG,-23.35,22.21,90,88,1.16,1522264102
425,Naze,NG,5.43,29.0,79,40,2.1,1522260000
426,Saint-Augustin,FR,44.83,9.55,93,68,2.6,1522263600
427,Kindu,CD,-2.95,22.61,93,80,1.06,1522264103
428,Nan,TH,18.78,21.51,83,8,1.11,1522264097
429,Kitimat,CA,54.02,4.0,86,75,3.6,1522260000
430,Flin Flon,CA,54.77,-9.0,36,20,5.7,1522260000
431,Owosso,US,43.0,6.75,65,90,1.5,1522262160
432,Skopelos,GR,39.12,12.0,81,20,3.1,1522259400
433,Araouane,ML,18.9,30.71,10,64,3.21,1522264105
434,Old Saybrook,US,41.29,9.09,70,0,2.1,1522263360
435,Sobolevo,RU,54.43,-9.67,66,0,3.21,1522264099
436,Komsomolskiy,RU,67.55,-16.19,83,48,3.21,1522264106
437,Mount Gambier,AU,-37.83,11.96,88,64,1.71,1522264106
438,Rocha,UY,-34.48,22.09,90,68,3.91,1522264100
439,Meulaboh,ID,4.14,26.11,100,48,2.51,1522264100
440,Zaysan,KZ,47.47,-0.44,91,0,1.86,1522264107
441,Bilibino,RU,68.06,-28.32,52,0,1.16,1522264101
442,Nara,JP,34.68,13.0,76,0,2.1,1522262880
443,Outjo,NA,-20.11,20.0,82,24,1.0,1522260000
444,Ewa Beach,US,21.32,20.75,73,1,2.6,1522259820
445,San Francisco,US,37.78,19.33,43,1,3.6,1522262100
446,Nioro,GM,13.79,37.74,22,0,2.86,1522264103
447,Hasaki,JP,35.73,9.0,100,0,1.0,1522261800
448,Nuuk,GL,64.17,-4.0,53,75,2.1,1522263000
449,Campoverde,IT,41.54,12.73,81,20,5.1,1522261200
450,Lakatoro,VU,-16.11,26.74,98,44,3.41,1522264104
451,Labuhan,ID,-2.54,22.71,94,80,1.01,1522264112
452,Salgado,BR,-11.03,29.0,70,40,4.1,1522260000
453,Cortez,US,37.35,12.0,20,1,7.7,1522259580
454,San Rafael,AR,-34.61,29.81,20,0,2.76,1522264109
455,Puebloviejo,CO,10.99,31.43,62,20,3.1,1522260000
456,Ayacucho,PE,-13.16,24.0,41,20,3.1,1522260000
457,Tessalit,ML,20.2,27.49,17,48,2.11,1522264117
458,Imbituba,BR,-28.24,28.0,74,75,3.1,1522260000
459,Ambulu,ID,-8.35,26.76,100,76,3.41,1522264111
460,Bay Roberts,CA,47.58,1.81,93,90,1.5,1522261620
461,Jardim,BR,-21.48,26.96,86,64,3.76,1522264111
462,Teapa,MX,17.56,32.0,52,5,4.6,1522259160
463,Buncrana,GB,55.14,6.0,75,40,1.5,1522263000
464,Hvide Sande,DK,56.01,1.0,80,92,9.8,1522263000
465,Teguise,ES,29.06,20.0,72,64,5.1,1522263600
466,Lang Suan,TH,9.95,23.96,100,44,0.81,1522264113
467,Oistins,BB,13.07,29.0,70,40,8.2,1522260000
468,Achacachi,BO,-16.04,11.46,67,48,1.96,1522264120
469,Cayenne,GF,4.94,30.0,66,20,5.7,1522261800
470,Parral,CL,-36.14,26.0,34,0,5.1,1522260000
471,Miyako,JP,33.63,11.53,81,0,0.91,1522261800
472,Taywarah,AF,33.35,4.56,51,68,0.96,1522264125
473,Saryg-Sep,RU,51.49,-0.94,93,92,1.51,1522264126
474,Plouzane,FR,48.38,5.99,81,75,3.6,1522263600
475,Buta,CD,2.79,23.44,88,44,1.81,1522264127
476,Hellin,ES,38.51,17.0,33,0,5.1,1522263600
477,Marabba,SD,12.35,27.06,62,48,2.91,1522264121
478,Puri,ID,-7.54,21.59,93,32,2.31,1522264128
479,Antibes,FR,43.58,14.11,82,75,1.0,1522263600
480,Sitka,US,37.17,13.84,83,0,3.26,1522264122
481,Mahalapye,BW,-23.11,20.11,77,0,1.51,1522264122
482,Ndungu,TZ,-4.38,19.41,85,8,1.46,1522264129
483,Kununurra,AU,-15.77,25.0,83,24,2.91,1522261800
484,Esso,RU,55.93,-9.74,98,80,1.21,1522264130
485,Yarim,YE,14.3,15.09,43,0,2.11,1522264124
486,Constitucion,MX,23.99,22.0,15,75,11.3,1522258920
487,Lagunas,PE,-5.23,32.61,52,0,1.41,1522264124
488,Najran,SA,17.54,28.0,21,0,4.1,1522260000
489,Avera,US,33.19,25.8,44,40,3.6,1522262100
490,Tawang,BT,27.59,4.91,72,64,0.61,1522264125
491,Kloulklubed,PW,7.04,27.48,78,75,5.1,1522259460
492,Tongren,CN,27.72,14.96,100,92,1.41,1522264126
493,Lokosovo,RU,61.13,-18.52,81,36,3.31,1522264126
494,Egvekinot,RU,66.32,-19.59,72,36,1.06,1522264126
495,Caravelas,BR,-17.73,27.59,100,0,5.41,1522264126
496,Rhyl,GB,53.32,5.58,75,20,1.0,1522263000
497,Chippewa Falls,US,44.94,9.97,37,1,7.7,1522263360
498,Saint Anthony,US,43.97,5.63,42,90,3.6,1522259760
499,Luba,PH,17.32,21.66,79,64,0.86,1522264127
500,Mezhdurechensk,RU,53.69,-0.77,94,76,1.26,1522264127
501,Evensk,RU,61.92,-9.44,100,88,5.66,1522264134
502,Rio Gallegos,AR,-51.62,13.0,30,20,12.9,1522260000
503,Mega,ET,4.06,24.71,42,88,5.16,1522264135
504,Mill Valley,US,37.91,19.08,43,1,3.6,1522262100
505,Elektrenai,LT,54.77,-2.5,42,0,1.0,1522263000
506,Robertson,ZA,-33.8,23.56,34,68,2.51,1522264129
507,Grand Gaube,MU,-20.01,25.0,88,20,2.1,1522260000
508,Great Yarmouth,GB,52.61,3.0,93,40,3.1,1522263000
509,San Quintin,PH,17.54,22.0,83,40,1.0,1522260000
510,Valente,BR,-11.41,29.26,62,56,4.86,1522264134
511,Camopi,GF,3.17,24.21,99,92,1.21,1522264134
512,Sao Geraldo do Araguaia,BR,-6.4,28.61,81,44,2.91,1522264073
513,Jabinyanah,TN,35.03,17.0,59,20,1.5,1522260000
514,Half Moon Bay,US,37.46,19.23,93,20,2.6,1522259820
515,Chulman,RU,56.84,-10.57,65,76,1.61,1522264142
516,Baruun-Urt,MN,46.68,-5.74,55,0,2.06,1522264135
517,Nichinan,JP,31.65,11.84,100,0,2.21,1522264135
518,Waipawa,NZ,-39.94,11.46,89,12,1.21,1522264136
519,Ibaiti,BR,-23.85,25.61,77,76,1.76,1522264081
520,Tehri,IN,30.38,6.66,60,0,1.26,1522264136
521,Mollendo,PE,-17.03,26.56,48,0,1.76,1522264136
522,Zopilotepe,HN,14.6,26.44,60,0,2.11,1522264136
523,Ahualulco,MX,22.4,24.0,16,40,3.6,1522259340
524,Zhigansk,RU,66.77,-11.57,77,80,4.96,1522264137
525,Pietermaritzburg,ZA,-29.6,21.16,69,0,1.21,1522264137
526,Irati,BR,-25.47,22.84,87,92,1.71,1522264144
527,Ilebo,CD,-4.33,21.51,99,88,0.96,1522264137
528,Rio Grande,BR,-32.03,27.0,69,40,4.1,1522260000
529,Bastrop,US,32.78,18.7,100,90,2.41,1522262100
530,Swellendam,ZA,-34.02,21.0,49,88,2.1,1522260000
531,Kontagora,NG,10.4,34.91,36,36,1.51,1522264138
532,Beringovskiy,RU,63.05,-10.09,98,48,2.06,1522264145
533,Arlit,NE,18.74,26.46,13,0,5.06,1522264139
534,Phulabani,IN,20.47,19.09,74,8,1.51,1522264146
535,Montpellier,FR,43.61,15.67,55,0,2.6,1522263600
536,Taboga,NG,6.37,30.24,65,20,1.91,1522264146
537,Tecalitlan,MX,19.47,29.0,28,5,5.1,1522258800
538,Rakai,UG,-0.71,17.99,96,36,1.81,1522264140
539,Kamaishi,JP,39.28,9.74,65,0,3.46,1522264141
540,Tansen,NP,27.87,17.61,70,0,1.71,1522264142
541,Dzhebariki-Khaya,RU,62.22,-12.82,70,44,1.66,1522264142
542,Wobulenzi,UG,0.72,19.59,94,0,1.96,1522264142
543,El Dorado,VE,6.71,30.31,55,44,2.41,1522263882
544,Mardin,TR,37.32,20.0,40,75,7.7,1522263600
545,Sovetskiy,RU,56.76,-15.69,62,0,1.41,1522264143
546,Gannan,CN,47.92,0.46,56,36,4.41,1522264143
547,Medea,DZ,36.27,17.0,59,20,3.1,1522261800
548,Fortuna,ES,38.18,19.18,63,0,1.5,1522263600
549,San Vicente,SV,13.64,32.5,38,20,2.6,1522259400
550,Baniachang,BD,24.52,19.66,94,8,3.31,1522264152
551,Puerto Leguizamo,CO,-0.19,26.61,89,48,1.31,1522264146
552,Rumonge,BI,-3.97,20.96,100,76,1.06,1522264146
553,Makakilo City,US,21.35,20.77,73,1,2.6,1522259820
554,Houma,CN,35.63,10.21,71,0,1.61,1522264151
555,Syracuse,US,43.05,6.26,100,90,1.51,1522263360
556,Harrisburg,US,40.27,7.0,87,90,1.5,1522263360
557,Ust-Omchug,RU,61.13,-11.44,80,80,1.16,1522264152
558,Kaabong,UG,3.51,23.49,49,8,3.41,1522264159
559,Padang,ID,-0.92,28.41,100,76,4.16,1522264160
560,Zhezkazgan,KZ,47.8,-2.07,69,0,3.56,1522264153
561,Burns Lake,CA,54.23,0.66,58,12,3.06,1522264160
562,North Bend,US,43.41,11.29,76,1,4.1,1522263360
563,Kintampo,GH,8.05,32.99,48,44,3.51,1522264154
564,Coos Bay,US,43.37,11.29,76,1,4.1,1522263360
565,Douentza,ML,15.01,33.34,21,0,1.56,1522264161
566,Skagen,SE,58.6,-1.48,42,8,2.6,1522263000
567,Khani,GE,41.96,15.0,77,75,7.2,1522261800
568,Aleksandrov Gay,RU,50.14,0.19,92,0,5.56,1522264156
569,Alihe,CN,50.57,-7.79,54,0,2.21,1522264156
570,Antsohihy,MG,-14.88,23.71,99,0,1.71,1522264157
571,Bandrele,YT,-12.91,26.0,94,68,1.0,1522261800
572,Prince Rupert,CA,54.32,5.0,86,90,2.6,1522260000
573,Chute-aux-Outardes,CA,49.12,0.52,82,90,4.6,1522262280
574,Houlton,US,46.13,4.0,64,90,3.6,1522259760
575,Casambalangan,PH,18.38,24.84,100,92,5.01,1522264158
576,Worland,US,44.02,6.66,80,90,6.2,1522263180
577,La Chaux-de-Fonds,CH,47.1,9.61,100,75,6.7,1522261200
578,Port Arthur,US,29.9,24.99,78,90,9.3,1522263300
579,The Pas,CA,53.82,-9.0,47,20,5.7,1522260000
580,Panji,CN,32.78,13.71,74,12,2.71,1522264160
581,Slave Lake,CA,55.28,-6.0,79,90,3.1,1522262160
582,Mangrol,IN,25.33,19.46,42,0,1.26,1522264167
583,Chililabombwe,ZM,-12.37,21.41,64,0,2.56,1522264161
584,Palmer,AU,-34.85,15.0,82,75,2.6,1522261800
585,Nador,MA,35.17,21.0,35,0,4.1,1522263600
586,Les Cayes,HT,18.19,26.46,100,0,3.11,1522264162
587,Gigmoto,PH,13.78,25.26,100,88,5.21,1522264173
588,Sebastian,US,27.82,24.51,50,20,6.2,1522259760
589,Sept-Iles,CA,50.2,0.0,85,90,3.6,1522260000
590,Vestmannaeyjar,IS,63.44,6.0,93,90,14.9,1522258860
591,Herran,FR,42.97,10.99,87,92,5.11,1522264167
592,Pathein,MM,16.78,23.34,90,0,3.36,1522264174
593,Ancud,CL,-41.87,16.19,82,76,2.26,1522264168
594,Anadyr,RU,64.73,-23.0,69,0,2.0,1522260000
595,Tecoanapa,MX,16.99,29.0,66,5,2.6,1522258800
596,Hue,VN,16.47,22.0,100,40,1.5,1522263600
597,Aksu,KZ,52.04,-2.0,92,40,4.0,1522261800
598,Morgan City,US,29.7,26.34,74,90,8.7,1522262820
599,Unterseen,CH,46.69,10.77,71,75,3.6,1522261200
600,Ladushkin,RU,54.57,-2.0,68,20,3.0,1522261800
601,Mazatlan,MX,23.22,27.0,36,20,1.36,1522259160
602,Sisimiut,GL,66.94,-11.67,77,0,1.06,1522264171
603,Vanavara,RU,60.35,-5.19,68,80,4.06,1522264179
604,La Rioja,AR,-29.41,26.41,48,0,1.71,1522264174
605,West Wendover,US,40.74,13.0,26,1,9.8,1522259760
606,Bell Ville,AR,-32.63,27.94,48,0,4.86,1522264174
607,Tateyama,JP,36.66,-0.14,67,0,0.96,1522264181
608,West Bay,GB,50.71,6.0,94,75,5.1,1522263000
609,Vallenar,CL,-28.58,22.61,68,0,1.31,1522264182
610,Durban,FR,43.54,12.33,81,90,6.2,1522263600
611,Haines Junction,CA,60.75,-9.67,84,80,1.21,1522264175
612,Bud,NO,62.91,0.0,46,0,1.0,1522263000
613,Marienburg,DE,52.12,3.5,93,75,7.2,1522263000
614,Muskogee,US,35.75,12.43,100,90,0.71,1522263300
615,Camacha,PT,33.08,16.57,77,20,4.1,1522261800
616,Homer,US,59.64,2.47,64,90,3.6,1522259580
617,Okitipupa,NG,6.5,29.81,63,12,2.46,1522264178
618,Viedma,AR,-40.81,27.94,31,0,6.66,1522264180
619,Honiara,SB,-9.43,23.26,100,80,0.61,1522264189
620,Yantzaza,EC,-3.83,21.61,81,76,1.16,1522264182
621,Sheridan,US,39.65,7.01,77,90,2.1,1522262520
622,Basco,US,40.33,6.61,87,90,2.06,1522262460
623,Krian,ID,-7.41,26.06,97,64,1.21,1522264183
624,Pailitas,CO,8.96,33.86,51,0,1.56,1522264183
625,Quelimane,MZ,-17.88,28.0,78,40,1.5,1522260000
626,Puerto Colombia,CO,10.99,31.0,62,20,8.7,1522260000
627,Nykoping,SE,58.75,-2.45,63,0,2.1,1522263000
628,Port Hardy,CA,50.7,8.0,70,90,2.6,1522260000
629,Peremyshlyany,UA,49.67,2.0,80,88,4.0,1522261800
630,Gemena,CD,3.25,23.09,94,88,1.51,1522264185
631,Sola,FI,62.78,-9.0,100,75,1.0,1522263000
632,Lesnoy,RU,59.78,-8.57,80,44,1.71,1522264185
633,Tarauaca,BR,-8.16,30.0,70,75,2.6,1522260000
634,Mikun,RU,62.35,-12.49,68,68,3.46,1522264186
635,Haines City,US,28.11,26.63,39,1,5.7,1522259940
636,Liku,ID,-0.73,24.41,100,80,1.86,1522264187
637,Goba,ET,7.01,14.34,66,8,1.76,1522264194
638,Luwuk,ID,-0.95,24.84,100,92,1.16,1522264195
639,Ulmu,MD,47.01,4.0,86,90,2.1,1522261800
640,Bambous Virieux,MU,-20.34,25.0,88,20,2.1,1522260000
641,Porto-Vecchio,FR,41.59,12.67,87,90,7.2,1522263600
642,Alice Springs,AU,-23.7,19.0,48,0,2.1,1522261800
643,Ihosy,MG,-22.4,20.86,69,0,3.71,1522264193
644,Maibong,IN,25.3,16.51,90,24,0.76,1522264200
645,Poya,NC,-21.35,24.74,100,80,5.96,1522264193
646,Xining,CN,36.62,-2.99,68,0,1.16,1522264194
647,Fasa,IR,28.94,19.0,19,0,2.1,1522260000
648,Whitehorse,CA,60.72,-9.0,85,90,1.5,1522260000
649,Bay-Khaak,RU,51.16,-1.42,82,92,1.11,1522264194
650,Havoysund,NO,71.0,0.51,99,75,5.1,1522263000
651,Denpasar,ID,-8.65,22.19,100,68,0.56,1522264195
652,Jega,NG,12.22,34.61,19,0,3.01,1522264195
653,Trairi,BR,-3.28,27.09,100,32,4.96,1522264202
654,San Lorenzo,PY,-25.34,26.0,69,75,2.01,1522260000
655,Rolla,US,37.95,9.61,100,90,1.5,1522259820
656,Chihuahua,MX,28.66,16.0,18,5,3.91,1522258800
657,Harrison,US,39.26,14.0,93,90,1.46,1522263180
658,Brownfield,US,33.18,13.49,67,40,5.1,1522263300
659,Cedar City,US,37.68,14.0,30,1,5.1,1522263180
660,Hegang,CN,47.34,-3.29,47,0,2.46,1522264198
661,Liverpool,GB,53.41,5.75,70,20,4.1,1522261200
662,Adre,TD,13.47,27.46,55,8,0.86,1522264206
663,San Carlos,VE,9.66,30.84,63,32,2.31,1522264206
664,Walvis Bay,NA,-22.95,20.0,68,92,2.6,1522260000
665,Bambanglipuro,ID,-7.95,22.76,100,88,1.76,1522264200
666,Hofn,IS,64.25,5.0,86,75,6.7,1522260600
667,Chopovychi,UA,50.83,-0.04,85,92,5.46,1522264200
668,Tautira,PF,-17.73,30.0,62,40,1.5,1522261800
669,Carupano,VE,10.67,25.16,93,44,4.41,1522264201
